Source,Target,Distancia,Peso_Source,Peso_Target
1067748531.0,1067748558.0,3104.0580000000004,10.0,1.0
1067748531.0,1067748702.0,326.33,10.0,6.0
1067748531.0,1067748843.0,262.923,10.0,2.0
1067748531.0,1067748884.0,1857.482,10.0,1.0
1067748531.0,1067748930.0,2149.1900000000005,10.0,1.0
1067748531.0,1673568513.0,3269.29,10.0,1.0
1067748531.0,1673621014.0,2253.391,10.0,10.0
1067748531.0,1673621341.0,2025.993,10.0,2.0
1067748531.0,1673621519.0,3962.8249999999994,10.0,1.0
1067748531.0,1673707915.0,2400.991,10.0,1.0
1067748531.0,1673708145.0,1636.127,10.0,1.0
1067748531.0,1673708270.0,3184.6669999999995,10.0,1.0
1067748531.0,1673708443.0,3687.2180000000003,10.0,2.0
1067748531.0,1684682903.0,5149.517999999999,10.0,1.0
1067748531.0,1685344795.0,3001.538,10.0,2.0
1067748531.0,1687996037.0,1355.0230000000001,10.0,1.0
1067748531.0,1700532493.0,5349.404,10.0,1.0
1067748531.0,1700543317.0,2273.8330000000005,10.0,1.0
1067748531.0,1701116404.0,5359.853000000001,10.0,2.0
1067748531.0,1706580382.0,2027.426,10.0,1.0
1067748531.0,1710105237.0,5251.286,10.0,1.0
1067748531.0,1710115604.0,6139.169999999998,10.0,1.0
1067748531.0,1710134589.0,6379.2329999999965,10.0,2.0
1067748531.0,1710134592.0,6100.455,10.0,1.0
1067748531.0,1710508913.0,5798.029999999999,10.0,2.0
1067748531.0,1711780123.0,2192.9820000000004,10.0,5.0
1067748531.0,1711846561.0,1983.3429999999998,10.0,1.0
1067748531.0,1712774117.0,3891.809,10.0,2.0
1067748531.0,1712842203.0,4189.178,10.0,1.0
1067748531.0,1713309021.0,3663.044000000001,10.0,1.0
1067748531.0,1719383814.0,4006.040000000001,10.0,1.0
1067748531.0,1720638931.0,5618.940000000001,10.0,4.0
1067748531.0,1720639041.0,5763.6990000000005,10.0,1.0
1067748531.0,1721068672.0,7841.519999999995,10.0,11.0
1067748531.0,1721897516.0,7597.1659999999965,10.0,1.0
1067748531.0,1722356998.0,5449.482999999998,10.0,1.0
1067748531.0,1722357024.0,5471.578999999998,10.0,2.0
1067748531.0,1722357030.0,6073.495999999998,10.0,1.0
1067748531.0,1722357087.0,5987.410999999998,10.0,1.0
1067748531.0,1723199177.0,5905.988000000003,10.0,1.0
1067748531.0,3182669297.0,2129.822,10.0,1.0
1067748531.0,3589901740.0,1882.3660000000002,10.0,2.0
1067748531.0,3589971252.0,2096.276,10.0,1.0
1067748531.0,3648081932.0,2246.571,10.0,2.0
1067748531.0,3648084762.0,2056.314,10.0,1.0
1067748531.0,3710970920.0,1260.226,10.0,3.0
1067748531.0,3877613725.0,3837.931000000001,10.0,1.0
1067748531.0,4285277775.0,3425.6360000000004,10.0,1.0
1067748531.0,6270810586.0,5200.605000000002,10.0,5.0
1067748531.0,6929449053.0,4768.952000000001,10.0,1.0
1067748531.0,6945912850.0,2670.488,10.0,1.0
1067748531.0,6948462876.0,4238.397,10.0,2.0
1067748531.0,6948976937.0,2913.655,10.0,4.0
1067748531.0,6950023886.0,2584.1449999999995,10.0,1.0
1067748531.0,6950806723.0,2671.351000000001,10.0,2.0
1067748531.0,6950853769.0,1207.942,10.0,1.0
1067748531.0,6950857512.0,1767.877,10.0,2.0
1067748531.0,7069614076.0,3458.3039999999996,10.0,1.0
1067748531.0,8518750867.0,3523.5839999999994,10.0,1.0
1067748531.0,8629532349.0,3978.7780000000016,10.0,1.0
1067748531.0,8720034349.0,6252.917,10.0,1.0
1067748558.0,1067748702.0,2977.6189999999997,1.0,6.0
1067748558.0,1067748843.0,2878.749,1.0,2.0
1067748558.0,1067748884.0,2074.616,1.0,1.0
1067748558.0,1067748930.0,1685.5130000000001,1.0,1.0
1067748558.0,1673568513.0,6301.727999999999,1.0,1.0
1067748558.0,1673621014.0,1007.529,1.0,10.0
1067748558.0,1673621341.0,2803.7960000000007,1.0,2.0
1067748558.0,1673621519.0,4574.903,1.0,1.0
1067748558.0,1673707915.0,1924.6860000000001,1.0,1.0
1067748558.0,1673708145.0,1470.1440000000002,1.0,1.0
1067748558.0,1673708270.0,2204.497,1.0,1.0
1067748558.0,1673708443.0,2976.943999999999,1.0,2.0
1067748558.0,1684682903.0,6855.098999999999,1.0,1.0
1067748558.0,1685344795.0,5083.9659999999985,1.0,2.0
1067748558.0,1687996037.0,1749.0349999999999,1.0,1.0
1067748558.0,1700532493.0,7774.968999999998,1.0,1.0
1067748558.0,1700543317.0,3925.921,1.0,1.0
1067748558.0,1701116404.0,5083.29,1.0,2.0
1067748558.0,1706580382.0,4290.867000000001,1.0,1.0
1067748558.0,1710105237.0,5182.551,1.0,1.0
1067748558.0,1710115604.0,6749.316000000002,1.0,1.0
1067748558.0,1710134589.0,6989.887999999999,1.0,2.0
1067748558.0,1710134592.0,6699.412000000001,1.0,1.0
1067748558.0,1710508913.0,6396.987,1.0,2.0
1067748558.0,1711780123.0,3089.1189999999997,1.0,5.0
1067748558.0,1711846561.0,2451.256,1.0,1.0
1067748558.0,1712774117.0,5829.076,1.0,2.0
1067748558.0,1712842203.0,5748.415000000003,1.0,1.0
1067748558.0,1713309021.0,6695.481999999996,1.0,1.0
1067748558.0,1719383814.0,7038.477999999999,1.0,1.0
1067748558.0,1720638931.0,8651.377999999999,1.0,4.0
1067748558.0,1720639041.0,8345.053000000002,1.0,1.0
1067748558.0,1721068672.0,9560.201000000001,1.0,11.0
1067748558.0,1721897516.0,9315.847000000002,1.0,1.0
1067748558.0,1722356998.0,7167.376000000001,1.0,1.0
1067748558.0,1722357024.0,7189.472000000001,1.0,2.0
1067748558.0,1722357030.0,7828.877000000001,1.0,1.0
1067748558.0,1722357087.0,7742.792000000001,1.0,1.0
1067748558.0,1723199177.0,7149.420000000002,1.0,1.0
1067748558.0,3182669297.0,1145.79,1.0,1.0
1067748558.0,3589901740.0,2651.4659999999994,1.0,2.0
1067748558.0,3589971252.0,1835.8220000000001,1.0,1.0
1067748558.0,3648081932.0,2070.6859999999997,1.0,2.0
1067748558.0,3648084762.0,2118.697,1.0,1.0
1067748558.0,3710970920.0,2038.0290000000002,1.0,3.0
1067748558.0,3877613725.0,6870.368999999999,1.0,1.0
1067748558.0,4285277775.0,6458.074,1.0,1.0
1067748558.0,6270810586.0,7137.872000000002,1.0,5.0
1067748558.0,6929449053.0,6020.794999999999,1.0,1.0
1067748558.0,6945912850.0,1840.4869999999996,1.0,1.0
1067748558.0,6948462876.0,7270.834999999999,1.0,2.0
1067748558.0,6948976937.0,979.3609999999999,1.0,4.0
1067748558.0,6950023886.0,2440.236,1.0,1.0
1067748558.0,6950806723.0,5703.788999999997,1.0,2.0
1067748558.0,6950853769.0,2483.247,1.0,1.0
1067748558.0,6950857512.0,1541.5660000000003,1.0,2.0
1067748558.0,7069614076.0,3608.365,1.0,1.0
1067748558.0,8518750867.0,3636.4069999999997,1.0,1.0
1067748558.0,8629532349.0,4456.732,1.0,1.0
1067748558.0,8720034349.0,8834.271,1.0,1.0
1067748702.0,1067748843.0,98.87,6.0,2.0
1067748702.0,1067748884.0,2057.923,6.0,1.0
1067748702.0,1067748930.0,2180.026,6.0,1.0
1067748702.0,1673568513.0,3393.8049999999994,6.0,1.0
1067748702.0,1673621014.0,2175.4750000000004,6.0,10.0
1067748702.0,1673621341.0,2226.4340000000007,6.0,2.0
1067748702.0,1673621519.0,4270.648,6.0,1.0
1067748702.0,1673707915.0,2074.6609999999996,6.0,1.0
1067748702.0,1673708145.0,1509.688,6.0,1.0
1067748702.0,1673708270.0,3385.107999999999,6.0,1.0
1067748702.0,1673708443.0,3887.659,6.0,2.0
1067748702.0,1684682903.0,4823.187999999999,6.0,1.0
1067748702.0,1685344795.0,2675.2079999999996,6.0,2.0
1067748702.0,1687996037.0,1228.584,6.0,1.0
1067748702.0,1700532493.0,5023.0740000000005,6.0,1.0
1067748702.0,1700543317.0,1947.5030000000004,6.0,1.0
1067748702.0,1701116404.0,5560.294000000002,6.0,2.0
1067748702.0,1706580382.0,2335.249,6.0,1.0
1067748702.0,1710105237.0,5559.109,6.0,1.0
1067748702.0,1710115604.0,6446.9929999999995,6.0,1.0
1067748702.0,1710134589.0,6687.055999999998,6.0,2.0
1067748702.0,1710134592.0,6408.278000000001,6.0,1.0
1067748702.0,1710508913.0,6105.853,6.0,2.0
1067748702.0,1711780123.0,1866.6520000000003,6.0,5.0
1067748702.0,1711846561.0,1657.013,6.0,1.0
1067748702.0,1712774117.0,3565.479,6.0,2.0
1067748702.0,1712842203.0,3862.8480000000004,6.0,1.0
1067748702.0,1713309021.0,3787.559,6.0,1.0
1067748702.0,1719383814.0,4130.555000000001,6.0,1.0
1067748702.0,1720638931.0,5743.455000000002,6.0,4.0
1067748702.0,1720639041.0,5437.369000000001,6.0,1.0
1067748702.0,1721068672.0,7515.189999999996,6.0,11.0
1067748702.0,1721897516.0,7270.8359999999975,6.0,1.0
1067748702.0,1722356998.0,5123.152999999999,6.0,1.0
1067748702.0,1722357024.0,5145.248999999999,6.0,2.0
1067748702.0,1722357030.0,5747.165999999999,6.0,1.0
1067748702.0,1722357087.0,5661.080999999999,6.0,1.0
1067748702.0,1723199177.0,5579.658000000001,6.0,1.0
1067748702.0,3182669297.0,2068.985,6.0,1.0
1067748702.0,3589901740.0,2082.8070000000002,6.0,2.0
1067748702.0,3589971252.0,2255.0989999999997,6.0,1.0
1067748702.0,3648081932.0,2447.0119999999997,6.0,2.0
1067748702.0,3648084762.0,2256.7549999999997,6.0,1.0
1067748702.0,3710970920.0,1460.6670000000001,6.0,3.0
1067748702.0,3877613725.0,3962.446000000001,6.0,1.0
1067748702.0,4285277775.0,3550.151,6.0,1.0
1067748702.0,6270810586.0,4874.2750000000015,6.0,5.0
1067748702.0,6929449053.0,4442.622,6.0,1.0
1067748702.0,6945912850.0,2870.928999999999,6.0,1.0
1067748702.0,6948462876.0,4362.911999999999,6.0,2.0
1067748702.0,6948976937.0,2944.4909999999995,6.0,4.0
1067748702.0,6950023886.0,2784.5859999999993,6.0,1.0
1067748702.0,6950806723.0,2795.866000000001,6.0,2.0
1067748702.0,6950853769.0,881.612,6.0,1.0
1067748702.0,6950857512.0,1641.438,6.0,2.0
1067748702.0,7069614076.0,3131.9739999999997,6.0,1.0
1067748702.0,8518750867.0,3197.2539999999995,6.0,1.0
1067748702.0,8629532349.0,3652.448000000001,6.0,1.0
1067748702.0,8720034349.0,5926.587,6.0,1.0
1067748843.0,1067748884.0,1959.0529999999999,2.0,1.0
1067748843.0,1067748930.0,2081.156,2.0,1.0
1067748843.0,1673568513.0,3492.675,2.0,1.0
1067748843.0,1673621014.0,2076.6050000000005,2.0,10.0
1067748843.0,1673621341.0,2127.564,2.0,2.0
1067748843.0,1673621519.0,4171.778,2.0,1.0
1067748843.0,1673707915.0,2173.5309999999995,2.0,1.0
1067748843.0,1673708145.0,1410.8180000000002,2.0,1.0
1067748843.0,1673708270.0,3286.237999999999,2.0,1.0
1067748843.0,1673708443.0,3788.789,2.0,2.0
1067748843.0,1684682903.0,4922.057999999999,2.0,1.0
1067748843.0,1685344795.0,2774.078,2.0,2.0
1067748843.0,1687996037.0,1129.7140000000002,2.0,1.0
1067748843.0,1700532493.0,5121.944000000001,2.0,1.0
1067748843.0,1700543317.0,2046.3730000000003,2.0,1.0
1067748843.0,1701116404.0,5461.424000000001,2.0,2.0
1067748843.0,1706580382.0,2236.379,2.0,1.0
1067748843.0,1710105237.0,5460.239,2.0,1.0
1067748843.0,1710115604.0,6348.123,2.0,1.0
1067748843.0,1710134589.0,6588.185999999998,2.0,2.0
1067748843.0,1710134592.0,6309.408000000001,2.0,1.0
1067748843.0,1710508913.0,6006.983,2.0,2.0
1067748843.0,1711780123.0,1965.5220000000002,2.0,5.0
1067748843.0,1711846561.0,1755.8829999999998,2.0,1.0
1067748843.0,1712774117.0,3664.349,2.0,2.0
1067748843.0,1712842203.0,3961.7180000000008,2.0,1.0
1067748843.0,1713309021.0,3886.4290000000005,2.0,1.0
1067748843.0,1719383814.0,4229.425000000001,2.0,1.0
1067748843.0,1720638931.0,5842.325000000002,2.0,4.0
1067748843.0,1720639041.0,5536.239000000001,2.0,1.0
1067748843.0,1721068672.0,7614.059999999996,2.0,11.0
1067748843.0,1721897516.0,7369.705999999997,2.0,1.0
1067748843.0,1722356998.0,5222.022999999999,2.0,1.0
1067748843.0,1722357024.0,5244.118999999999,2.0,2.0
1067748843.0,1722357030.0,5846.035999999999,2.0,1.0
1067748843.0,1722357087.0,5759.950999999999,2.0,1.0
1067748843.0,1723199177.0,5678.528000000002,2.0,1.0
1067748843.0,3182669297.0,1970.1150000000002,2.0,1.0
1067748843.0,3589901740.0,1983.9370000000001,2.0,2.0
1067748843.0,3589971252.0,2156.229,2.0,1.0
1067748843.0,3648081932.0,2348.142,2.0,2.0
1067748843.0,3648084762.0,2157.8849999999998,2.0,1.0
1067748843.0,3710970920.0,1361.797,2.0,3.0
1067748843.0,3877613725.0,4061.316000000001,2.0,1.0
1067748843.0,4285277775.0,3649.021,2.0,1.0
1067748843.0,6270810586.0,4973.145000000001,2.0,5.0
1067748843.0,6929449053.0,4541.492,2.0,1.0
1067748843.0,6945912850.0,2772.0589999999993,2.0,1.0
1067748843.0,6948462876.0,4461.781999999999,2.0,2.0
1067748843.0,6948976937.0,2845.6209999999996,2.0,4.0
1067748843.0,6950023886.0,2685.7159999999994,2.0,1.0
1067748843.0,6950806723.0,2894.7360000000012,2.0,2.0
1067748843.0,6950853769.0,980.4819999999999,2.0,1.0
1067748843.0,6950857512.0,1542.5680000000002,2.0,2.0
1067748843.0,7069614076.0,3230.8439999999996,2.0,1.0
1067748843.0,8518750867.0,3296.1239999999993,2.0,1.0
1067748843.0,8629532349.0,3751.3180000000016,2.0,1.0
1067748843.0,8720034349.0,6025.457000000001,2.0,1.0
1067748884.0,1067748930.0,389.10299999999995,1.0,1.0
1067748884.0,1673568513.0,5080.65,1.0,1.0
1067748884.0,1673621014.0,1076.879,1.0,10.0
1067748884.0,1673621341.0,907.5469999999999,1.0,2.0
1067748884.0,1673621519.0,2812.373,1.0,1.0
1067748884.0,1673707915.0,2491.6589999999997,1.0,1.0
1067748884.0,1673708145.0,1321.1760000000002,1.0,1.0
1067748884.0,1673708270.0,1327.1849999999997,1.0,1.0
1067748884.0,1673708443.0,1829.7359999999999,1.0,2.0
1067748884.0,1684682903.0,6545.903,1.0,1.0
1067748884.0,1685344795.0,4733.131,1.0,2.0
1067748884.0,1687996037.0,1366.1309999999999,1.0,1.0
1067748884.0,1700532493.0,7080.996999999999,1.0,1.0
1067748884.0,1700543317.0,3616.7250000000004,1.0,1.0
1067748884.0,1701116404.0,3502.371,1.0,2.0
1067748884.0,1706580382.0,2463.79,1.0,1.0
1067748884.0,1710105237.0,3568.5499999999993,1.0,1.0
1067748884.0,1710115604.0,4988.718000000002,1.0,1.0
1067748884.0,1710134589.0,5228.781,1.0,2.0
1067748884.0,1710134592.0,4950.0030000000015,1.0,1.0
1067748884.0,1710508913.0,4647.578,1.0,2.0
1067748884.0,1711780123.0,3066.4409999999993,1.0,5.0
1067748884.0,1711846561.0,2703.207,1.0,1.0
1067748884.0,1712774117.0,5504.375999999999,1.0,2.0
1067748884.0,1712842203.0,5439.219000000003,1.0,1.0
1067748884.0,1713309021.0,5520.525999999997,1.0,1.0
1067748884.0,1719383814.0,5863.522000000001,1.0,1.0
1067748884.0,1720638931.0,7476.4220000000005,1.0,4.0
1067748884.0,1720639041.0,7495.2919999999995,1.0,1.0
1067748884.0,1721068672.0,9251.005000000001,1.0,11.0
1067748884.0,1721897516.0,9006.651000000002,1.0,1.0
1067748884.0,1722356998.0,6858.180000000001,1.0,1.0
1067748884.0,1722357024.0,6880.276000000001,1.0,2.0
1067748884.0,1722357030.0,7519.681000000001,1.0,1.0
1067748884.0,1722357087.0,7433.596000000001,1.0,1.0
1067748884.0,1723199177.0,7156.029000000004,1.0,1.0
1067748884.0,3182669297.0,933.8089999999999,1.0,1.0
1067748884.0,3589901740.0,808.9940000000001,1.0,2.0
1067748884.0,3589971252.0,238.79399999999998,1.0,1.0
1067748884.0,3648081932.0,389.089,1.0,2.0
1067748884.0,3648084762.0,198.832,1.0,1.0
1067748884.0,3710970920.0,597.256,1.0,3.0
1067748884.0,3877613725.0,5695.4130000000005,1.0,1.0
1067748884.0,4285277775.0,5283.118,1.0,1.0
1067748884.0,6270810586.0,6813.172000000001,1.0,5.0
1067748884.0,6929449053.0,6018.993000000002,1.0,1.0
1067748884.0,6945912850.0,813.0059999999997,1.0,1.0
1067748884.0,6948462876.0,6095.879,1.0,2.0
1067748884.0,6948976937.0,1117.8529999999998,1.0,4.0
1067748884.0,6950023886.0,726.663,1.0,1.0
1067748884.0,6950806723.0,4528.832999999999,1.0,2.0
1067748884.0,6950853769.0,2135.5539999999996,1.0,1.0
1067748884.0,6950857512.0,982.6740000000001,1.0,2.0
1067748884.0,7069614076.0,3962.112,1.0,1.0
1067748884.0,8518750867.0,4027.392,1.0,1.0
1067748884.0,8629532349.0,4847.1849999999995,1.0,1.0
1067748884.0,8720034349.0,7984.509999999999,1.0,1.0
1067748930.0,1673568513.0,5414.088,1.0,1.0
1067748930.0,1673621014.0,687.7760000000001,1.0,10.0
1067748930.0,1673621341.0,1296.65,1.0,2.0
1067748930.0,1673621519.0,3101.9690000000005,1.0,1.0
1067748930.0,1673707915.0,2102.556,1.0,1.0
1067748930.0,1673708145.0,1184.469,1.0,1.0
1067748930.0,1673708270.0,1370.0389999999998,1.0,1.0
1067748930.0,1673708443.0,1962.836,1.0,2.0
1067748930.0,1684682903.0,6456.221,1.0,1.0
1067748930.0,1685344795.0,4681.651000000002,1.0,2.0
1067748930.0,1687996037.0,1304.594,1.0,1.0
1067748930.0,1700532493.0,7203.1,1.0,1.0
1067748930.0,1700543317.0,3527.0430000000006,1.0,1.0
1067748930.0,1701116404.0,3753.601,1.0,2.0
1067748930.0,1706580382.0,2852.8929999999996,1.0,1.0
1067748930.0,1710105237.0,3819.7799999999993,1.0,1.0
1067748930.0,1710115604.0,5278.314000000002,1.0,1.0
1067748930.0,1710134589.0,5518.377,1.0,2.0
1067748930.0,1710134592.0,5239.599000000002,1.0,1.0
1067748930.0,1710508913.0,4937.174000000001,1.0,2.0
1067748930.0,1711780123.0,2975.507,1.0,5.0
1067748930.0,1711846561.0,2381.3820000000005,1.0,1.0
1067748930.0,1712774117.0,5430.198000000001,1.0,2.0
1067748930.0,1712842203.0,5349.537000000002,1.0,1.0
1067748930.0,1713309021.0,5812.233999999996,1.0,1.0
1067748930.0,1719383814.0,6155.230000000001,1.0,1.0
1067748930.0,1720638931.0,7768.130000000001,1.0,4.0
1067748930.0,1720639041.0,7617.395,1.0,1.0
1067748930.0,1721068672.0,9161.323,1.0,11.0
1067748930.0,1721897516.0,8916.969000000001,1.0,1.0
1067748930.0,1722356998.0,6768.4980000000005,1.0,1.0
1067748930.0,1722357024.0,6790.594,1.0,2.0
1067748930.0,1722357030.0,7429.999000000001,1.0,1.0
1067748930.0,1722357087.0,7343.914000000001,1.0,1.0
1067748930.0,1723199177.0,7066.347000000003,1.0,1.0
1067748930.0,3182669297.0,544.706,1.0,1.0
1067748930.0,3589901740.0,1198.097,1.0,2.0
1067748930.0,3589971252.0,150.309,1.0,1.0
1067748930.0,3648081932.0,640.319,1.0,2.0
1067748930.0,3648084762.0,450.062,1.0,1.0
1067748930.0,3710970920.0,888.964,1.0,3.0
1067748930.0,3877613725.0,5987.121000000001,1.0,1.0
1067748930.0,4285277775.0,5574.825999999999,1.0,1.0
1067748930.0,6270810586.0,6738.994000000003,1.0,5.0
1067748930.0,6929449053.0,5929.311000000002,1.0,1.0
1067748930.0,6945912850.0,855.8599999999998,1.0,1.0
1067748930.0,6948462876.0,6387.586999999999,1.0,2.0
1067748930.0,6948976937.0,790.0440000000001,1.0,4.0
1067748930.0,6950023886.0,1016.2589999999998,1.0,1.0
1067748930.0,6950806723.0,4820.540999999999,1.0,2.0
1067748930.0,6950853769.0,2074.017,1.0,1.0
1067748930.0,6950857512.0,891.7400000000001,1.0,2.0
1067748930.0,7069614076.0,3640.2870000000003,1.0,1.0
1067748930.0,8518750867.0,3705.567,1.0,1.0
1067748930.0,8629532349.0,4525.36,1.0,1.0
1067748930.0,8720034349.0,8106.613,1.0,1.0
1673568513.0,1673621014.0,5522.681,1.0,10.0
1673568513.0,1673621341.0,4883.691,1.0,2.0
1673568513.0,1673621519.0,6101.898000000001,1.0,1.0
1673568513.0,1673707915.0,5011.530000000002,1.0,1.0
1673568513.0,1673708145.0,4869.008,1.0,1.0
1673568513.0,1673708270.0,6407.834999999998,1.0,1.0
1673568513.0,1673708443.0,6715.423000000001,1.0,2.0
1673568513.0,1684682903.0,4495.205999999999,1.0,1.0
1673568513.0,1685344795.0,2837.55,1.0,2.0
1673568513.0,1687996037.0,4587.9039999999995,1.0,1.0
1673568513.0,1700532493.0,4458.403,1.0,1.0
1673568513.0,1700543317.0,3396.3169999999996,1.0,1.0
1673568513.0,1701116404.0,8178.190000000002,1.0,2.0
1673568513.0,1706580382.0,3238.3710000000005,1.0,1.0
1673568513.0,1710105237.0,7407.035,1.0,1.0
1673568513.0,1710115604.0,8278.243,1.0,1.0
1673568513.0,1710134589.0,8518.305999999999,1.0,2.0
1673568513.0,1710134592.0,8239.528000000002,1.0,1.0
1673568513.0,1710508913.0,7937.103000000001,1.0,2.0
1673568513.0,1711780123.0,4238.481999999999,1.0,5.0
1673568513.0,1711846561.0,4575.985,1.0,1.0
1673568513.0,1712774117.0,3099.032,1.0,2.0
1673568513.0,1712842203.0,3980.4349999999995,1.0,1.0
1673568513.0,1713309021.0,1133.0700000000002,1.0,1.0
1673568513.0,1719383814.0,2411.839000000001,1.0,1.0
1673568513.0,1720638931.0,4070.8680000000004,1.0,4.0
1673568513.0,1720639041.0,4872.698,1.0,1.0
1673568513.0,1721068672.0,7067.303999999997,1.0,11.0
1673568513.0,1721897516.0,6822.949999999999,1.0,1.0
1673568513.0,1722356998.0,4773.899,1.0,1.0
1673568513.0,1722357024.0,4795.995,1.0,2.0
1673568513.0,1722357030.0,5299.280000000001,1.0,1.0
1673568513.0,1722357087.0,5213.195000000001,1.0,1.0
1673568513.0,1723199177.0,5346.896000000001,1.0,1.0
1673568513.0,3182669297.0,5399.112,1.0,1.0
1673568513.0,3589901740.0,4743.4619999999995,1.0,2.0
1673568513.0,3589971252.0,5319.444,1.0,1.0
1673568513.0,3648081932.0,5431.664999999999,1.0,2.0
1673568513.0,3648084762.0,5241.407999999999,1.0,1.0
1673568513.0,3710970920.0,4529.516,1.0,3.0
1673568513.0,3877613725.0,2577.489000000001,1.0,1.0
1673568513.0,4285277775.0,1452.808,1.0,1.0
1673568513.0,6270810586.0,4351.6320000000005,1.0,5.0
1673568513.0,6929449053.0,4279.5289999999995,1.0,1.0
1673568513.0,6945912850.0,5871.567999999999,1.0,1.0
1673568513.0,6948462876.0,2162.3010000000004,1.0,2.0
1673568513.0,6948976937.0,6178.553000000001,1.0,4.0
1673568513.0,6950023886.0,5677.214999999998,1.0,1.0
1673568513.0,6950806723.0,1758.1100000000001,1.0,2.0
1673568513.0,6950853769.0,3818.4809999999998,1.0,1.0
1673568513.0,6950857512.0,5000.757999999999,1.0,2.0
1673568513.0,7069614076.0,5487.599,1.0,1.0
1673568513.0,8518750867.0,5453.023000000001,1.0,1.0
1673568513.0,8629532349.0,4981.557,1.0,1.0
1673568513.0,8720034349.0,5361.916,1.0,1.0
1673621014.0,1673621341.0,1796.2669999999998,10.0,2.0
1673621014.0,1673621519.0,3789.7450000000013,10.0,1.0
1673621014.0,1673707915.0,1444.4070000000002,10.0,1.0
1673621014.0,1673708145.0,706.418,10.0,1.0
1673621014.0,1673708270.0,2018.2730000000001,10.0,1.0
1673621014.0,1673708443.0,2618.9359999999997,10.0,2.0
1673621014.0,1684682903.0,6098.517999999999,10.0,1.0
1673621014.0,1685344795.0,4323.948,10.0,2.0
1673621014.0,1687996037.0,946.8910000000001,10.0,1.0
1673621014.0,1700532493.0,7014.950999999998,10.0,1.0
1673621014.0,1700543317.0,3169.3399999999997,10.0,1.0
1673621014.0,1701116404.0,4441.377,10.0,2.0
1673621014.0,1706580382.0,3283.3379999999997,10.0,1.0
1673621014.0,1710105237.0,4507.5560000000005,10.0,1.0
1673621014.0,1710115604.0,5966.09,10.0,1.0
1673621014.0,1710134589.0,6206.152999999998,10.0,2.0
1673621014.0,1710134592.0,5927.375000000002,10.0,1.0
1673621014.0,1710508913.0,5624.950000000001,10.0,2.0
1673621014.0,1711780123.0,2609.1920000000005,10.0,5.0
1673621014.0,1711846561.0,1903.331,10.0,1.0
1673621014.0,1712774117.0,5072.495,10.0,2.0
1673621014.0,1712842203.0,4991.834000000001,10.0,1.0
1673621014.0,1713309021.0,5916.434999999996,10.0,1.0
1673621014.0,1719383814.0,6259.4310000000005,10.0,1.0
1673621014.0,1720638931.0,7872.331,10.0,4.0
1673621014.0,1720639041.0,7578.120000000001,10.0,1.0
1673621014.0,1721068672.0,8803.620000000003,10.0,11.0
1673621014.0,1721897516.0,8559.266000000001,10.0,1.0
1673621014.0,1722356998.0,6410.795000000001,10.0,1.0
1673621014.0,1722357024.0,6432.8910000000005,10.0,2.0
1673621014.0,1722357030.0,7072.296000000001,10.0,1.0
1673621014.0,1722357087.0,6986.211000000001,10.0,1.0
1673621014.0,1723199177.0,6669.493000000002,10.0,1.0
1673621014.0,3182669297.0,333.847,10.0,1.0
1673621014.0,3589901740.0,1643.9370000000004,10.0,2.0
1673621014.0,3589971252.0,838.085,10.0,1.0
1673621014.0,3648081932.0,1328.0949999999998,10.0,2.0
1673621014.0,3648084762.0,1137.838,10.0,1.0
1673621014.0,3710970920.0,1030.5,10.0,3.0
1673621014.0,3877613725.0,6091.322,10.0,1.0
1673621014.0,4285277775.0,5679.026999999999,10.0,1.0
1673621014.0,6270810586.0,6381.291000000002,10.0,5.0
1673621014.0,6929449053.0,5540.868,10.0,1.0
1673621014.0,6945912850.0,1504.094,10.0,1.0
1673621014.0,6948462876.0,6491.787999999999,10.0,2.0
1673621014.0,6948976937.0,1317.9260000000002,10.0,4.0
1673621014.0,6950023886.0,1704.035,10.0,1.0
1673621014.0,6950806723.0,4924.741999999998,10.0,2.0
1673621014.0,6950853769.0,1716.314,10.0,1.0
1673621014.0,6950857512.0,534.037,10.0,2.0
1673621014.0,7069614076.0,3128.4380000000006,10.0,1.0
1673621014.0,8518750867.0,3156.4800000000005,10.0,1.0
1673621014.0,8629532349.0,3976.8050000000007,10.0,1.0
1673621014.0,8720034349.0,8067.338000000001,10.0,1.0
1673621341.0,1673621519.0,2494.868,2.0,1.0
1673621341.0,1673707915.0,3082.7170000000006,2.0,1.0
1673621341.0,1673708145.0,1748.7010000000002,2.0,1.0
1673621341.0,1673708270.0,1634.796,2.0,1.0
1673621341.0,1673708443.0,1836.1849999999997,2.0,2.0
1673621341.0,1684682903.0,6972.5599999999995,2.0,1.0
1673621341.0,1685344795.0,4901.642,2.0,2.0
1673621341.0,1687996037.0,1792.788,2.0,1.0
1673621341.0,1700532493.0,7249.508,2.0,1.0
1673621341.0,1700543317.0,4043.3820000000005,2.0,1.0
1673621341.0,1701116404.0,3499.1069999999995,2.0,2.0
1673621341.0,1706580382.0,1912.3269999999998,2.0,1.0
1673621341.0,1710105237.0,3558.6659999999993,2.0,1.0
1673621341.0,1710115604.0,4671.213000000002,2.0,1.0
1673621341.0,1710134589.0,4911.276,2.0,2.0
1673621341.0,1710134592.0,4632.498,2.0,1.0
1673621341.0,1710508913.0,4330.072999999999,2.0,2.0
1673621341.0,1711780123.0,3493.966,2.0,5.0
1673621341.0,1711846561.0,3135.5580000000004,2.0,1.0
1673621341.0,1712774117.0,5791.913,2.0,2.0
1673621341.0,1712842203.0,5865.876000000002,2.0,1.0
1673621341.0,1713309021.0,5365.852999999999,2.0,1.0
1673621341.0,1719383814.0,6032.033000000001,2.0,1.0
1673621341.0,1720638931.0,7644.933000000001,2.0,4.0
1673621341.0,1720639041.0,7663.803,2.0,1.0
1673621341.0,1721068672.0,9677.662000000002,2.0,11.0
1673621341.0,1721897516.0,9433.308000000003,2.0,1.0
1673621341.0,1722356998.0,7284.837,2.0,1.0
1673621341.0,1722357024.0,7306.933,2.0,2.0
1673621341.0,1722357030.0,7946.338000000001,2.0,1.0
1673621341.0,1722357087.0,7860.253000000001,2.0,1.0
1673621341.0,1723199177.0,7582.686000000003,2.0,1.0
1673621341.0,3182669297.0,1661.565,2.0,1.0
1673621341.0,3589901740.0,155.60999999999999,2.0,2.0
1673621341.0,3589971252.0,1146.3410000000001,2.0,1.0
1673621341.0,3648081932.0,959.504,2.0,2.0
1673621341.0,3648084762.0,906.7120000000001,2.0,1.0
1673621341.0,3710970920.0,765.767,2.0,3.0
1673621341.0,3877613725.0,5863.924000000001,2.0,1.0
1673621341.0,4285277775.0,5293.112000000003,2.0,1.0
1673621341.0,6270810586.0,7100.709000000002,2.0,5.0
1673621341.0,6929449053.0,6445.650000000002,2.0,1.0
1673621341.0,6945912850.0,1395.531,2.0,1.0
1673621341.0,6948462876.0,6105.873000000002,2.0,2.0
1673621341.0,6948976937.0,2025.4000000000005,2.0,4.0
1673621341.0,6950023886.0,1043.8020000000001,2.0,1.0
1673621341.0,6950806723.0,4697.343999999999,2.0,2.0
1673621341.0,6950853769.0,2562.2110000000002,2.0,1.0
1673621341.0,6950857512.0,1410.199,2.0,2.0
1673621341.0,7069614076.0,4489.116,2.0,1.0
1673621341.0,8518750867.0,4554.396000000001,2.0,1.0
1673621341.0,8629532349.0,5374.188999999999,2.0,1.0
1673621341.0,8720034349.0,8153.021,2.0,1.0
1673621519.0,1673707915.0,5204.525000000001,1.0,1.0
1673621519.0,1673708145.0,4098.729,1.0,1.0
1673621519.0,1673708270.0,2879.5550000000007,1.0,1.0
1673621519.0,1673708443.0,2096.851,1.0,2.0
1673621519.0,1684682903.0,9074.434999999998,1.0,1.0
1673621519.0,1685344795.0,6884.345999999999,1.0,2.0
1673621519.0,1687996037.0,4143.684000000001,1.0,1.0
1673621519.0,1700532493.0,9202.72,1.0,1.0
1673621519.0,1700543317.0,6218.151,1.0,1.0
1673621519.0,1701116404.0,2194.0080000000003,1.0,2.0
1673621519.0,1706580382.0,2995.243,1.0,1.0
1673621519.0,1710105237.0,1305.959,1.0,1.0
1673621519.0,1710115604.0,2176.345,1.0,1.0
1673621519.0,1710134589.0,2416.4079999999994,1.0,2.0
1673621519.0,1710134592.0,2137.63,1.0,1.0
1673621519.0,1710508913.0,1835.2049999999995,1.0,2.0
1673621519.0,1711780123.0,5843.994000000002,1.0,5.0
1673621519.0,1711846561.0,5480.759999999999,1.0,1.0
1673621519.0,1712774117.0,7774.616999999998,1.0,2.0
1673621519.0,1712842203.0,8114.094999999999,1.0,1.0
1673621519.0,1713309021.0,6584.060000000001,1.0,1.0
1673621519.0,1719383814.0,7341.027000000002,1.0,1.0
1673621519.0,1720638931.0,9214.576000000003,1.0,4.0
1673621519.0,1720639041.0,9617.015,1.0,1.0
1673621519.0,1721068672.0,11766.437,1.0,11.0
1673621519.0,1721897516.0,11522.083,1.0,1.0
1673621519.0,1722356998.0,9374.400000000001,1.0,1.0
1673621519.0,1722357024.0,9396.496000000001,1.0,2.0
1673621519.0,1722357030.0,9998.412999999999,1.0,1.0
1673621519.0,1722357087.0,9912.328,1.0,1.0
1673621519.0,1723199177.0,9830.904999999999,1.0,1.0
1673621519.0,3182669297.0,3646.675,1.0,1.0
1673621519.0,3589901740.0,2640.915,1.0,2.0
1673621519.0,3589971252.0,2951.6600000000003,1.0,1.0
1673621519.0,3648081932.0,2504.217,1.0,2.0
1673621519.0,3648084762.0,2651.907,1.0,1.0
1673621519.0,3710970920.0,3260.635,1.0,3.0
1673621519.0,3877613725.0,7484.607000000003,1.0,1.0
1673621519.0,4285277775.0,6511.319000000003,1.0,1.0
1673621519.0,6270810586.0,9083.412999999999,1.0,5.0
1673621519.0,6929449053.0,8693.868999999999,1.0,1.0
1673621519.0,6945912850.0,2845.837,1.0,1.0
1673621519.0,6948462876.0,7324.080000000003,1.0,2.0
1673621519.0,6948976937.0,3603.652999999999,1.0,4.0
1673621519.0,6950023886.0,2288.561,1.0,1.0
1673621519.0,6950806723.0,6318.9540000000015,1.0,2.0
1673621519.0,6950853769.0,4913.107000000001,1.0,1.0
1673621519.0,6950857512.0,3760.227,1.0,2.0
1673621519.0,7069614076.0,6739.665,1.0,1.0
1673621519.0,8518750867.0,6804.945000000001,1.0,1.0
1673621519.0,8629532349.0,7624.737999999999,1.0,1.0
1673621519.0,8720034349.0,10106.232999999998,1.0,1.0
1673707915.0,1673708145.0,1504.5230000000004,1.0,1.0
1673707915.0,1673708270.0,3438.908,1.0,1.0
1673707915.0,1673708443.0,4040.386,1.0,2.0
1673707915.0,1684682903.0,5205.583999999999,1.0,1.0
1673707915.0,1685344795.0,3527.7329999999993,1.0,2.0
1673707915.0,1687996037.0,1762.649,1.0,1.0
1673707915.0,1700532493.0,6231.587,1.0,1.0
1673707915.0,1700543317.0,2304.7739999999994,1.0,1.0
1673707915.0,1701116404.0,5856.157000000003,1.0,2.0
1673707915.0,1706580382.0,4251.053000000001,1.0,1.0
1673707915.0,1710105237.0,5922.336000000002,1.0,1.0
1673707915.0,1710115604.0,7380.870000000001,1.0,1.0
1673707915.0,1710134589.0,7620.932999999999,1.0,2.0
1673707915.0,1710134592.0,7342.1550000000025,1.0,1.0
1673707915.0,1710508913.0,7039.730000000001,1.0,2.0
1673707915.0,1711780123.0,1240.9279999999999,1.0,5.0
1673707915.0,1711846561.0,526.57,1.0,1.0
1673707915.0,1712774117.0,4207.928999999999,1.0,2.0
1673707915.0,1712842203.0,4087.4350000000004,1.0,1.0
1673707915.0,1713309021.0,5405.283999999998,1.0,1.0
1673707915.0,1719383814.0,5748.2800000000025,1.0,1.0
1673707915.0,1720638931.0,7361.180000000002,1.0,4.0
1673707915.0,1720639041.0,6959.694000000001,1.0,1.0
1673707915.0,1721068672.0,7760.029,1.0,11.0
1673707915.0,1721897516.0,7515.675000000002,1.0,1.0
1673707915.0,1722356998.0,5546.229,1.0,1.0
1673707915.0,1722357024.0,5568.325,1.0,2.0
1673707915.0,1722357030.0,6207.7300000000005,1.0,1.0
1673707915.0,1722357087.0,6121.645,1.0,1.0
1673707915.0,1723199177.0,5308.455000000002,1.0,1.0
1673707915.0,3182669297.0,1755.2970000000003,1.0,1.0
1673707915.0,3589901740.0,2932.8140000000003,1.0,2.0
1673707915.0,3589971252.0,2252.8650000000007,1.0,1.0
1673707915.0,3648081932.0,2742.875000000001,1.0,2.0
1673707915.0,3648084762.0,2552.618000000001,1.0,1.0
1673707915.0,3710970920.0,2316.9500000000003,1.0,3.0
1673707915.0,3877613725.0,5580.171000000002,1.0,1.0
1673707915.0,4285277775.0,5167.876000000001,1.0,1.0
1673707915.0,6270810586.0,5516.725000000001,1.0,5.0
1673707915.0,6929449053.0,4179.83,1.0,1.0
1673707915.0,6945912850.0,2924.7290000000003,1.0,1.0
1673707915.0,6948462876.0,5980.637000000001,1.0,2.0
1673707915.0,6948976937.0,2663.368,1.0,4.0
1673707915.0,6950023886.0,3118.815000000001,1.0,1.0
1673707915.0,6950806723.0,4413.591,1.0,2.0
1673707915.0,6950853769.0,1477.4170000000001,1.0,1.0
1673707915.0,6950857512.0,1759.8320000000006,1.0,2.0
1673707915.0,7069614076.0,1767.4,1.0,1.0
1673707915.0,8518750867.0,1795.442,1.0,1.0
1673707915.0,8629532349.0,2615.767,1.0,1.0
1673707915.0,8720034349.0,7448.912000000001,1.0,1.0
1673708145.0,1673708270.0,2454.095,1.0,1.0
1673708145.0,1673708443.0,3045.0999999999995,1.0,2.0
1673708145.0,1684682903.0,5432.258999999998,1.0,1.0
1673708145.0,1685344795.0,3658.1610000000005,1.0,2.0
1673708145.0,1687996037.0,281.104,1.0,1.0
1673708145.0,1700532493.0,6349.164,1.0,1.0
1673708145.0,1700543317.0,2503.081,1.0,1.0
1673708145.0,1701116404.0,4750.361000000002,1.0,2.0
1673708145.0,1706580382.0,3182.3849999999998,1.0,1.0
1673708145.0,1710105237.0,4816.540000000002,1.0,1.0
1673708145.0,1710115604.0,6275.0740000000005,1.0,1.0
1673708145.0,1710134589.0,6515.136999999999,1.0,2.0
1673708145.0,1710134592.0,6236.359000000002,1.0,1.0
1673708145.0,1710508913.0,5933.934000000001,1.0,2.0
1673708145.0,1711780123.0,1951.5450000000005,1.0,5.0
1673708145.0,1711846561.0,1390.8879999999997,1.0,1.0
1673708145.0,1712774117.0,4406.236,1.0,2.0
1673708145.0,1712842203.0,4325.575000000001,1.0,1.0
1673708145.0,1713309021.0,5262.761999999999,1.0,1.0
1673708145.0,1719383814.0,5605.7580000000025,1.0,1.0
1673708145.0,1720638931.0,7218.658000000002,1.0,4.0
1673708145.0,1720639041.0,6912.3330000000005,1.0,1.0
1673708145.0,1721068672.0,8137.360999999999,1.0,11.0
1673708145.0,1721897516.0,7893.0070000000005,1.0,1.0
1673708145.0,1722356998.0,5744.535999999999,1.0,1.0
1673708145.0,1722357024.0,5766.631999999999,1.0,2.0
1673708145.0,1722357030.0,6406.036999999999,1.0,1.0
1673708145.0,1722357087.0,6319.951999999999,1.0,1.0
1673708145.0,1723199177.0,6042.385000000002,1.0,1.0
1673708145.0,3182669297.0,973.8860000000001,1.0,1.0
1673708145.0,3589901740.0,1600.6920000000002,1.0,2.0
1673708145.0,3589971252.0,1305.315,1.0,1.0
1673708145.0,3648081932.0,1637.0790000000002,1.0,2.0
1673708145.0,3648084762.0,1446.8220000000003,1.0,1.0
1673708145.0,3710970920.0,982.9340000000001,1.0,3.0
1673708145.0,3877613725.0,5437.649000000002,1.0,1.0
1673708145.0,4285277775.0,5025.354000000002,1.0,1.0
1673708145.0,6270810586.0,5715.032000000002,1.0,5.0
1673708145.0,6929449053.0,4905.349000000001,1.0,1.0
1673708145.0,6945912850.0,1939.916,1.0,1.0
1673708145.0,6948462876.0,5838.115000000002,1.0,2.0
1673708145.0,6948976937.0,1917.3770000000002,1.0,4.0
1673708145.0,6950023886.0,2013.0190000000005,1.0,1.0
1673708145.0,6950806723.0,4271.069,1.0,2.0
1673708145.0,6950853769.0,1050.527,1.0,1.0
1673708145.0,6950857512.0,338.502,1.0,2.0
1673708145.0,7069614076.0,2761.1089999999995,1.0,1.0
1673708145.0,8518750867.0,2826.388999999999,1.0,1.0
1673708145.0,8629532349.0,3646.1819999999993,1.0,1.0
1673708145.0,8720034349.0,7401.551,1.0,1.0
1673708270.0,1673708443.0,1018.0239999999999,1.0,2.0
1673708270.0,1684682903.0,7680.073999999999,1.0,1.0
1673708270.0,1685344795.0,5905.503999999997,1.0,2.0
1673708270.0,1687996037.0,2528.446999999999,1.0,1.0
1673708270.0,1700532493.0,8408.182,1.0,1.0
1673708270.0,1700543317.0,4750.896,1.0,1.0
1673708270.0,1701116404.0,3158.367,1.0,2.0
1673708270.0,1706580382.0,3486.563,1.0,1.0
1673708270.0,1710105237.0,3258.745999999999,1.0,1.0
1673708270.0,1710115604.0,5053.968000000001,1.0,1.0
1673708270.0,1710134589.0,5294.54,1.0,2.0
1673708270.0,1710134592.0,5004.064000000001,1.0,1.0
1673708270.0,1710508913.0,4701.639,1.0,2.0
1673708270.0,1711780123.0,4199.359999999999,1.0,5.0
1673708270.0,1711846561.0,3751.421,1.0,1.0
1673708270.0,1712774117.0,6654.051,1.0,2.0
1673708270.0,1712842203.0,6573.390000000003,1.0,1.0
1673708270.0,1713309021.0,6847.710999999996,1.0,1.0
1673708270.0,1719383814.0,7190.7069999999985,1.0,1.0
1673708270.0,1720638931.0,8803.606999999998,1.0,4.0
1673708270.0,1720639041.0,8822.477,1.0,1.0
1673708270.0,1721068672.0,10385.176000000001,1.0,11.0
1673708270.0,1721897516.0,10140.822000000002,1.0,1.0
1673708270.0,1722356998.0,7992.351,1.0,1.0
1673708270.0,1722357024.0,8014.446999999999,1.0,2.0
1673708270.0,1722357030.0,8653.851999999999,1.0,1.0
1673708270.0,1722357087.0,8567.767,1.0,1.0
1673708270.0,1723199177.0,8290.200000000004,1.0,1.0
1673708270.0,3182669297.0,1684.4259999999997,1.0,1.0
1673708270.0,3589901740.0,1709.277,1.0,2.0
1673708270.0,3589971252.0,1222.837,1.0,1.0
1673708270.0,3648081932.0,1022.47,1.0,2.0
1673708270.0,3648084762.0,1212.7269999999999,1.0,1.0
1673708270.0,3710970920.0,1924.4409999999996,1.0,3.0
1673708270.0,3877613725.0,7022.597999999998,1.0,1.0
1673708270.0,4285277775.0,6610.302999999999,1.0,1.0
1673708270.0,6270810586.0,7962.8470000000025,1.0,5.0
1673708270.0,6929449053.0,7153.1640000000025,1.0,1.0
1673708270.0,6945912850.0,667.044,1.0,1.0
1673708270.0,6948462876.0,7423.0639999999985,1.0,2.0
1673708270.0,6948976937.0,1225.136,1.0,4.0
1673708270.0,6950023886.0,811.721,1.0,1.0
1673708270.0,6950806723.0,5856.017999999996,1.0,2.0
1673708270.0,6950853769.0,3297.8699999999994,1.0,1.0
1673708270.0,6950857512.0,2115.5929999999994,1.0,2.0
1673708270.0,7069614076.0,5010.326,1.0,1.0
1673708270.0,8518750867.0,5075.606000000001,1.0,1.0
1673708270.0,8629532349.0,5895.398999999999,1.0,1.0
1673708270.0,8720034349.0,9311.695,1.0,1.0
1673708443.0,1684682903.0,8271.079,2.0,1.0
1673708443.0,1685344795.0,6496.508999999997,2.0,2.0
1673708443.0,1687996037.0,3119.4519999999993,2.0,1.0
1673708443.0,1700532493.0,8910.733000000002,2.0,1.0
1673708443.0,1700543317.0,5341.901,2.0,1.0
1673708443.0,1701116404.0,2151.15,2.0,2.0
1673708443.0,1706580382.0,3608.7679999999996,2.0,1.0
1673708443.0,1710105237.0,2250.4109999999996,2.0,1.0
1673708443.0,1710115604.0,4174.415999999999,2.0,1.0
1673708443.0,1710134589.0,4414.988,2.0,2.0
1673708443.0,1710134592.0,4124.511999999999,2.0,1.0
1673708443.0,1710508913.0,3822.0869999999995,2.0,2.0
1673708443.0,1711780123.0,4790.365,2.0,5.0
1673708443.0,1711846561.0,4344.218000000002,2.0,1.0
1673708443.0,1712774117.0,7245.056000000001,2.0,2.0
1673708443.0,1712842203.0,7164.395000000002,2.0,1.0
1673708443.0,1713309021.0,7197.585,2.0,1.0
1673708443.0,1719383814.0,7693.258,2.0,1.0
1673708443.0,1720638931.0,9306.158,2.0,4.0
1673708443.0,1720639041.0,9325.028000000002,2.0,1.0
1673708443.0,1721068672.0,10976.180999999999,2.0,11.0
1673708443.0,1721897516.0,10731.827,2.0,1.0
1673708443.0,1722356998.0,8583.356000000002,2.0,1.0
1673708443.0,1722357024.0,8605.452000000001,2.0,2.0
1673708443.0,1722357030.0,9244.857000000002,2.0,1.0
1673708443.0,1722357087.0,9158.772000000003,2.0,1.0
1673708443.0,1723199177.0,8881.205000000002,2.0,1.0
1673708443.0,3182669297.0,2285.0889999999995,2.0,1.0
1673708443.0,3589901740.0,1976.87,2.0,2.0
1673708443.0,3589971252.0,1815.548,2.0,1.0
1673708443.0,3648081932.0,1440.647,2.0,2.0
1673708443.0,3648084762.0,1630.904,2.0,1.0
1673708443.0,3710970920.0,2426.992,2.0,3.0
1673708443.0,3877613725.0,7525.148999999999,2.0,1.0
1673708443.0,4285277775.0,7112.854,2.0,1.0
1673708443.0,6270810586.0,8553.852000000003,2.0,5.0
1673708443.0,6929449053.0,7744.169000000003,2.0,1.0
1673708443.0,6945912850.0,1136.457,2.0,1.0
1673708443.0,6948462876.0,7925.615,2.0,2.0
1673708443.0,6948976937.0,2005.6939999999997,2.0,4.0
1673708443.0,6950023886.0,1208.425,2.0,1.0
1673708443.0,6950806723.0,6358.568999999998,2.0,2.0
1673708443.0,6950853769.0,3888.8749999999995,2.0,1.0
1673708443.0,6950857512.0,2706.5979999999995,2.0,2.0
1673708443.0,7069614076.0,5603.123000000001,2.0,1.0
1673708443.0,8518750867.0,5668.403000000002,2.0,1.0
1673708443.0,8629532349.0,6488.196000000001,2.0,1.0
1673708443.0,8720034349.0,9814.246000000001,2.0,1.0
1684682903.0,1685344795.0,2327.5059999999994,1.0,2.0
1684682903.0,1687996037.0,5179.771999999999,1.0,1.0
1684682903.0,1700532493.0,1722.6699999999998,1.0,1.0
1684682903.0,1700543317.0,2929.1779999999994,1.0,1.0
1684682903.0,1701116404.0,9975.087999999996,1.0,2.0
1684682903.0,1706580382.0,6533.248000000001,1.0,1.0
1684682903.0,1710105237.0,10041.266999999996,1.0,1.0
1684682903.0,1710115604.0,11250.779999999997,1.0,1.0
1684682903.0,1710134589.0,11490.842999999999,1.0,2.0
1684682903.0,1710134592.0,11212.065,1.0,1.0
1684682903.0,1710508913.0,10909.640000000001,1.0,2.0
1684682903.0,1711780123.0,3966.443,1.0,5.0
1684682903.0,1711846561.0,4706.124999999999,1.0,1.0
1684682903.0,1712774117.0,1437.69,1.0,2.0
1684682903.0,1712842203.0,1217.2099999999998,1.0,1.0
1684682903.0,1713309021.0,3362.135999999999,1.0,1.0
1684682903.0,1719383814.0,2167.4379999999996,1.0,1.0
1684682903.0,1720638931.0,3077.106,1.0,4.0
1684682903.0,1720639041.0,2450.777,1.0,1.0
1684682903.0,1721068672.0,2830.1160000000004,1.0,11.0
1684682903.0,1721897516.0,2585.7620000000006,1.0,1.0
1684682903.0,1722356998.0,689.6739999999999,1.0,1.0
1684682903.0,1722357024.0,710.3159999999999,1.0,2.0
1684682903.0,1722357030.0,1316.1719999999998,1.0,1.0
1684682903.0,1722357087.0,1230.0869999999998,1.0,1.0
1684682903.0,1723199177.0,1085.872,1.0,1.0
1684682903.0,3182669297.0,6344.129999999999,1.0,1.0
1684682903.0,3589901740.0,6824.550999999998,1.0,2.0
1684682903.0,3589971252.0,6531.293999999999,1.0,1.0
1684682903.0,3648081932.0,6861.805999999998,1.0,2.0
1684682903.0,3648084762.0,6671.548999999998,1.0,1.0
1684682903.0,3710970920.0,6206.792999999998,1.0,3.0
1684682903.0,3877613725.0,1999.3289999999997,1.0,1.0
1684682903.0,4285277775.0,3042.3979999999992,1.0,1.0
1684682903.0,6270810586.0,832.7850000000001,1.0,5.0
1684682903.0,6929449053.0,1248.343,1.0,1.0
1684682903.0,6945912850.0,7165.894999999999,1.0,1.0
1684682903.0,6948462876.0,2543.937,1.0,2.0
1684682903.0,6948976937.0,7220.686,1.0,4.0
1684682903.0,6950023886.0,7237.745999999997,1.0,1.0
1684682903.0,6950806723.0,3019.055,1.0,2.0
1684682903.0,6950853769.0,4765.078999999999,1.0,1.0
1684682903.0,6950857512.0,5564.481,1.0,2.0
1684682903.0,7069614076.0,3669.3870000000006,1.0,1.0
1684682903.0,8518750867.0,3620.8430000000008,1.0,1.0
1684682903.0,8629532349.0,2784.3140000000008,1.0,1.0
1684682903.0,8720034349.0,2939.995,1.0,1.0
1685344795.0,1687996037.0,3377.0570000000002,2.0,1.0
1685344795.0,1700532493.0,2835.3450000000003,2.0,1.0
1685344795.0,1700543317.0,1367.6630000000002,2.0,1.0
1685344795.0,1701116404.0,8172.373000000003,2.0,2.0
1685344795.0,1706580382.0,4285.731,2.0,1.0
1685344795.0,1710105237.0,8172.806999999999,2.0,1.0
1685344795.0,1710115604.0,9060.690999999999,2.0,1.0
1685344795.0,1710134589.0,9300.754,2.0,2.0
1685344795.0,1710134592.0,9021.975999999999,2.0,1.0
1685344795.0,1710508913.0,8719.551,2.0,2.0
1685344795.0,1711780123.0,2341.1480000000006,2.0,5.0
1685344795.0,1711846561.0,3028.274,2.0,1.0
1685344795.0,1712774117.0,897.567,2.0,2.0
1685344795.0,1712842203.0,1390.972,2.0,1.0
1685344795.0,1713309021.0,2615.8700000000003,2.0,1.0
1685344795.0,1719383814.0,2676.127,2.0,1.0
1685344795.0,1720638931.0,4189.781000000001,2.0,4.0
1685344795.0,1720639041.0,3563.452,2.0,1.0
1685344795.0,1721068672.0,4954.820999999999,2.0,11.0
1685344795.0,1721897516.0,4710.467000000001,2.0,1.0
1685344795.0,1722356998.0,2617.8210000000004,2.0,1.0
1685344795.0,1722357024.0,2639.9170000000004,2.0,2.0
1685344795.0,1722357030.0,3186.797,2.0,1.0
1685344795.0,1722357087.0,3100.712,2.0,1.0
1685344795.0,1723199177.0,3107.7819999999997,2.0,1.0
1685344795.0,3182669297.0,4569.56,2.0,1.0
1685344795.0,3589901740.0,4758.014999999998,2.0,2.0
1685344795.0,3589971252.0,4756.724,2.0,1.0
1685344795.0,3648081932.0,5059.091,2.0,2.0
1685344795.0,3648084762.0,4868.834000000001,2.0,1.0
1685344795.0,3710970920.0,4135.874999999998,2.0,3.0
1685344795.0,3877613725.0,2508.018,2.0,1.0
1685344795.0,4285277775.0,2378.462,2.0,1.0
1685344795.0,6270810586.0,2205.31,2.0,5.0
1685344795.0,6929449053.0,1970.7459999999999,2.0,1.0
1685344795.0,6945912850.0,5391.325,2.0,1.0
1685344795.0,6948462876.0,3191.223,2.0,2.0
1685344795.0,6948976937.0,5446.116000000001,2.0,4.0
1685344795.0,6950023886.0,5435.031,2.0,1.0
1685344795.0,6950806723.0,1341.438,2.0,2.0
1685344795.0,6950853769.0,2658.532,2.0,1.0
1685344795.0,6950857512.0,3789.911,2.0,2.0
1685344795.0,7069614076.0,3310.0550000000003,2.0,1.0
1685344795.0,8518750867.0,3261.5110000000004,2.0,1.0
1685344795.0,8629532349.0,2424.9820000000004,2.0,1.0
1685344795.0,8720034349.0,4052.67,2.0,1.0
1687996037.0,1700532493.0,6068.0599999999995,1.0,1.0
1687996037.0,1700543317.0,2250.5939999999996,1.0,1.0
1687996037.0,1701116404.0,4795.316000000002,1.0,2.0
1687996037.0,1706580382.0,2901.281,1.0,1.0
1687996037.0,1710105237.0,4861.495000000002,1.0,1.0
1687996037.0,1710115604.0,6320.029,1.0,1.0
1687996037.0,1710134589.0,6560.091999999999,1.0,2.0
1687996037.0,1710134592.0,6281.314000000002,1.0,1.0
1687996037.0,1710508913.0,5978.889000000001,1.0,2.0
1687996037.0,1711780123.0,1702.7540000000004,1.0,5.0
1687996037.0,1711846561.0,1482.031,1.0,1.0
1687996037.0,1712774117.0,4138.245,1.0,2.0
1687996037.0,1712842203.0,4073.0879999999997,1.0,1.0
1687996037.0,1713309021.0,4981.657999999999,1.0,1.0
1687996037.0,1719383814.0,5324.654000000004,1.0,1.0
1687996037.0,1720638931.0,6937.554000000004,1.0,4.0
1687996037.0,1720639041.0,6631.229000000001,1.0,1.0
1687996037.0,1721068672.0,7884.874,1.0,11.0
1687996037.0,1721897516.0,7640.520000000001,1.0,1.0
1687996037.0,1722356998.0,5492.049,1.0,1.0
1687996037.0,1722357024.0,5514.1449999999995,1.0,2.0
1687996037.0,1722357030.0,6153.55,1.0,1.0
1687996037.0,1722357087.0,6067.465,1.0,1.0
1687996037.0,1723199177.0,5789.898000000001,1.0,1.0
1687996037.0,3182669297.0,1192.5030000000002,1.0,1.0
1687996037.0,3589901740.0,1644.779,1.0,2.0
1687996037.0,3589971252.0,1379.667,1.0,1.0
1687996037.0,3648081932.0,1682.034,1.0,2.0
1687996037.0,3648084762.0,1491.7770000000003,1.0,1.0
1687996037.0,3710970920.0,1027.021,1.0,3.0
1687996037.0,3877613725.0,5156.545000000004,1.0,1.0
1687996037.0,4285277775.0,4744.250000000002,1.0,1.0
1687996037.0,6270810586.0,5447.041000000002,1.0,5.0
1687996037.0,6929449053.0,4652.862,1.0,1.0
1687996037.0,6945912850.0,2014.2679999999998,1.0,1.0
1687996037.0,6948462876.0,5557.011000000001,1.0,2.0
1687996037.0,6948976937.0,2069.0589999999997,1.0,4.0
1687996037.0,6950023886.0,2057.9740000000006,1.0,1.0
1687996037.0,6950806723.0,3989.965000000001,1.0,2.0
1687996037.0,6950853769.0,769.423,1.0,1.0
1687996037.0,6950857512.0,412.85400000000004,1.0,2.0
1687996037.0,7069614076.0,2956.9919999999997,1.0,1.0
1687996037.0,8518750867.0,3022.2719999999995,1.0,1.0
1687996037.0,8629532349.0,3787.9060000000013,1.0,1.0
1687996037.0,8720034349.0,7120.447000000001,1.0,1.0
1700532493.0,1700543317.0,4203.008000000001,1.0,1.0
1700532493.0,1701116404.0,10583.367999999997,1.0,2.0
1700532493.0,1706580382.0,6497.705000000002,1.0,1.0
1700532493.0,1710105237.0,10491.181000000002,1.0,1.0
1700532493.0,1710115604.0,11379.065000000002,1.0,1.0
1700532493.0,1710134589.0,11619.128000000004,1.0,2.0
1700532493.0,1710134592.0,11340.350000000006,1.0,1.0
1700532493.0,1710508913.0,11037.925000000007,1.0,2.0
1700532493.0,1711780123.0,5135.110999999999,1.0,5.0
1700532493.0,1711846561.0,5732.127999999999,1.0,1.0
1700532493.0,1712774117.0,2198.6809999999996,1.0,2.0
1700532493.0,1712842203.0,2916.547999999999,1.0,1.0
1700532493.0,1713309021.0,3325.332999999999,1.0,1.0
1700532493.0,1719383814.0,2115.725,1.0,1.0
1700532493.0,1720638931.0,1604.1509999999998,1.0,4.0
1700532493.0,1720639041.0,752.5189999999999,1.0,1.0
1700532493.0,1721068672.0,2747.473000000001,1.0,11.0
1700532493.0,1721897516.0,2503.119000000001,1.0,1.0
1700532493.0,1722356998.0,1067.415,1.0,1.0
1700532493.0,1722357024.0,1047.9959999999999,1.0,2.0
1700532493.0,1722357030.0,979.4490000000001,1.0,1.0
1700532493.0,1722357087.0,893.364,1.0,1.0
1700532493.0,1723199177.0,1985.0510000000002,1.0,1.0
1700532493.0,3182669297.0,7092.059,1.0,1.0
1700532493.0,3589901740.0,7105.880999999999,1.0,2.0
1700532493.0,3589971252.0,7278.173,1.0,1.0
1700532493.0,3648081932.0,7470.085999999999,1.0,2.0
1700532493.0,3648084762.0,7279.829,1.0,1.0
1700532493.0,3710970920.0,6483.741,1.0,3.0
1700532493.0,3877613725.0,1947.616,1.0,1.0
1700532493.0,4285277775.0,3005.5949999999993,1.0,1.0
1700532493.0,6270810586.0,890.689,1.0,5.0
1700532493.0,6929449053.0,2921.128,1.0,1.0
1700532493.0,6945912850.0,7894.003,1.0,1.0
1700532493.0,6948462876.0,2479.4829999999997,1.0,2.0
1700532493.0,6948976937.0,7967.5650000000005,1.0,4.0
1700532493.0,6950023886.0,7807.66,1.0,1.0
1700532493.0,6950806723.0,2983.5119999999997,1.0,2.0
1700532493.0,6950853769.0,5349.534999999999,1.0,1.0
1700532493.0,6950857512.0,6480.913999999999,1.0,2.0
1700532493.0,7069614076.0,5342.171999999999,1.0,1.0
1700532493.0,8518750867.0,5293.627999999999,1.0,1.0
1700532493.0,8629532349.0,4457.098999999999,1.0,1.0
1700532493.0,8720034349.0,1241.737,1.0,1.0
1700543317.0,1701116404.0,7045.9100000000035,1.0,2.0
1700543317.0,1706580382.0,4087.0440000000012,1.0,1.0
1700543317.0,1710105237.0,7112.089000000003,1.0,1.0
1700543317.0,1710115604.0,8394.496,1.0,1.0
1700543317.0,1710134589.0,8634.558999999997,1.0,2.0
1700543317.0,1710134592.0,8355.781,1.0,1.0
1700543317.0,1710508913.0,8053.356,1.0,2.0
1700543317.0,1711780123.0,1117.8059999999998,1.0,5.0
1700543317.0,1711846561.0,1805.315,1.0,1.0
1700543317.0,1712774117.0,2024.9539999999997,1.0,2.0
1700543317.0,1712842203.0,1940.8949999999998,1.0,1.0
1700543317.0,1713309021.0,3790.071000000001,1.0,1.0
1700543317.0,1719383814.0,3943.2170000000006,1.0,1.0
1700543317.0,1720638931.0,5556.117000000001,1.0,4.0
1700543317.0,1720639041.0,4931.115,1.0,1.0
1700543317.0,1721068672.0,5634.279999999999,1.0,11.0
1700543317.0,1721897516.0,5389.926,1.0,1.0
1700543317.0,1722356998.0,3241.455,1.0,1.0
1700543317.0,1722357024.0,3263.551,1.0,2.0
1700543317.0,1722357030.0,3902.9559999999997,1.0,1.0
1700543317.0,1722357087.0,3816.8709999999996,1.0,1.0
1700543317.0,1723199177.0,3657.7049999999995,1.0,1.0
1700543317.0,3182669297.0,3414.9519999999993,1.0,1.0
1700543317.0,3589901740.0,3895.373,1.0,2.0
1700543317.0,3589971252.0,3602.1159999999995,1.0,1.0
1700543317.0,3648081932.0,3932.6280000000006,1.0,2.0
1700543317.0,3648084762.0,3742.3710000000005,1.0,1.0
1700543317.0,3710970920.0,3277.615,1.0,3.0
1700543317.0,3877613725.0,3775.1080000000006,1.0,1.0
1700543317.0,4285277775.0,3552.6630000000005,1.0,1.0
1700543317.0,6270810586.0,3333.7499999999995,1.0,5.0
1700543317.0,6929449053.0,2520.6690000000003,1.0,1.0
1700543317.0,6945912850.0,4236.716999999999,1.0,1.0
1700543317.0,6948462876.0,4365.424,1.0,2.0
1700543317.0,6948976937.0,4291.508,1.0,4.0
1700543317.0,6950023886.0,4308.568,1.0,1.0
1700543317.0,6950806723.0,2608.5280000000007,1.0,2.0
1700543317.0,6950853769.0,1850.8859999999997,1.0,1.0
1700543317.0,6950857512.0,2635.303,1.0,2.0
1700543317.0,7069614076.0,2204.2509999999997,1.0,1.0
1700543317.0,8518750867.0,2177.0449999999996,1.0,1.0
1700543317.0,8629532349.0,1705.5790000000002,1.0,1.0
1700543317.0,8720034349.0,5420.333,1.0,1.0
1701116404.0,1706580382.0,5071.535000000001,2.0,1.0
1701116404.0,1710105237.0,888.049,2.0,1.0
1701116404.0,1710115604.0,2488.732,2.0,1.0
1701116404.0,1710134589.0,3246.254,2.0,2.0
1701116404.0,1710134592.0,2304.37,2.0,1.0
1701116404.0,1710508913.0,2001.9449999999997,2.0,2.0
1701116404.0,1711780123.0,6495.626000000002,2.0,5.0
1701116404.0,1711846561.0,6132.392000000001,2.0,1.0
1701116404.0,1712774117.0,8933.560999999996,2.0,2.0
1701116404.0,1712842203.0,8868.404,2.0,1.0
1701116404.0,1713309021.0,8660.352,2.0,1.0
1701116404.0,1719383814.0,9365.892999999998,2.0,1.0
1701116404.0,1720638931.0,10978.793,2.0,4.0
1701116404.0,1720639041.0,10997.663000000002,2.0,1.0
1701116404.0,1721068672.0,12680.189999999999,2.0,11.0
1701116404.0,1721897516.0,12435.836,2.0,1.0
1701116404.0,1722356998.0,10287.365000000002,2.0,1.0
1701116404.0,1722357024.0,10309.461000000001,2.0,2.0
1701116404.0,1722357030.0,10948.866000000002,2.0,1.0
1701116404.0,1722357087.0,10862.781000000003,2.0,1.0
1701116404.0,1723199177.0,10585.214,2.0,1.0
1701116404.0,3182669297.0,4162.375,2.0,1.0
1701116404.0,3589901740.0,3640.9780000000005,2.0,2.0
1701116404.0,3589971252.0,3603.292000000001,2.0,1.0
1701116404.0,3648081932.0,3113.2820000000006,2.0,2.0
1701116404.0,3648084762.0,3303.5390000000007,2.0,1.0
1701116404.0,3710970920.0,4099.627000000001,2.0,3.0
1701116404.0,3877613725.0,9197.783999999998,2.0,1.0
1701116404.0,4285277775.0,8587.610999999999,2.0,1.0
1701116404.0,6270810586.0,10242.356999999995,2.0,5.0
1701116404.0,6929449053.0,9448.178,2.0,1.0
1701116404.0,6945912850.0,3272.765,2.0,1.0
1701116404.0,6948462876.0,9400.372,2.0,2.0
1701116404.0,6948976937.0,4112.039999999999,2.0,4.0
1701116404.0,6950023886.0,2881.060000000001,2.0,1.0
1701116404.0,6950806723.0,8031.204,2.0,2.0
1701116404.0,6950853769.0,5564.739,2.0,1.0
1701116404.0,6950857512.0,4411.8589999999995,2.0,2.0
1701116404.0,7069614076.0,7391.2970000000005,2.0,1.0
1701116404.0,8518750867.0,7456.577000000001,2.0,1.0
1701116404.0,8629532349.0,8276.37,2.0,1.0
1701116404.0,8720034349.0,11486.881000000001,2.0,1.0
1706580382.0,1710105237.0,4300.38,1.0,1.0
1706580382.0,1710115604.0,5171.588000000001,1.0,1.0
1706580382.0,1710134589.0,5411.650999999999,1.0,2.0
1706580382.0,1710134592.0,5132.8730000000005,1.0,1.0
1706580382.0,1710508913.0,4830.447999999999,1.0,2.0
1706580382.0,1711780123.0,4006.192999999999,1.0,5.0
1706580382.0,1711846561.0,3882.6639999999993,1.0,1.0
1706580382.0,1712774117.0,5102.731000000002,1.0,2.0
1706580382.0,1712842203.0,5667.391000000001,1.0,1.0
1706580382.0,1713309021.0,3720.533,1.0,1.0
1706580382.0,1719383814.0,4588.01,1.0,1.0
1706580382.0,1720638931.0,6461.559000000002,1.0,4.0
1706580382.0,1720639041.0,6912.000000000002,1.0,1.0
1706580382.0,1721068672.0,9106.606,1.0,11.0
1706580382.0,1721897516.0,8862.252,1.0,1.0
1706580382.0,1722356998.0,6813.084000000001,1.0,1.0
1706580382.0,1722357024.0,6835.18,1.0,2.0
1706580382.0,1722357030.0,7338.582000000002,1.0,1.0
1706580382.0,1722357087.0,7252.497000000002,1.0,1.0
1706580382.0,1723199177.0,7382.831000000002,1.0,1.0
1706580382.0,3182669297.0,3152.847,1.0,1.0
1706580382.0,3589901740.0,1777.286,1.0,2.0
1706580382.0,3589971252.0,2702.5839999999994,1.0,1.0
1706580382.0,3648081932.0,2638.237000000001,1.0,2.0
1706580382.0,3648084762.0,2462.9549999999995,1.0,1.0
1706580382.0,3710970920.0,2252.8379999999997,1.0,3.0
1706580382.0,3877613725.0,4731.590000000001,1.0,1.0
1706580382.0,4285277775.0,3758.302,1.0,1.0
1706580382.0,6270810586.0,6390.934000000002,1.0,5.0
1706580382.0,6929449053.0,6247.165000000001,1.0,1.0
1706580382.0,6945912850.0,3078.140000000001,1.0,1.0
1706580382.0,6948462876.0,4571.062999999999,1.0,2.0
1706580382.0,6948976937.0,3581.6429999999987,1.0,4.0
1706580382.0,6950023886.0,2881.2560000000003,1.0,1.0
1706580382.0,6950806723.0,3565.937000000001,1.0,2.0
1706580382.0,6950853769.0,2981.9669999999996,1.0,1.0
1706580382.0,6950857512.0,2897.2699999999995,1.0,2.0
1706580382.0,7069614076.0,5357.624999999999,1.0,1.0
1706580382.0,8518750867.0,5422.905,1.0,1.0
1706580382.0,8629532349.0,5781.0999999999985,1.0,1.0
1706580382.0,8720034349.0,7401.218000000002,1.0,1.0
1710105237.0,1710115604.0,2312.183,1.0,1.0
1710105237.0,1710134589.0,3021.6340000000005,1.0,2.0
1710105237.0,1710134592.0,2127.821,1.0,1.0
1710105237.0,1710508913.0,1825.3959999999997,1.0,2.0
1710105237.0,1711780123.0,6561.805000000002,1.0,5.0
1710105237.0,1711846561.0,6198.570999999999,1.0,1.0
1710105237.0,1712774117.0,8999.739999999996,1.0,2.0
1710105237.0,1712842203.0,8934.583,1.0,1.0
1710105237.0,1713309021.0,7889.196999999999,1.0,1.0
1710105237.0,1719383814.0,8646.163999999999,1.0,1.0
1710105237.0,1720638931.0,10519.712999999998,1.0,4.0
1710105237.0,1720639041.0,10905.476000000004,1.0,1.0
1710105237.0,1721068672.0,12746.368999999999,1.0,11.0
1710105237.0,1721897516.0,12502.015,1.0,1.0
1710105237.0,1722356998.0,10353.544000000002,1.0,1.0
1710105237.0,1722357024.0,10375.640000000001,1.0,2.0
1710105237.0,1722357030.0,11015.045000000002,1.0,1.0
1710105237.0,1722357087.0,10928.960000000003,1.0,1.0
1710105237.0,1723199177.0,10651.393,1.0,1.0
1710105237.0,3182669297.0,4261.6359999999995,1.0,1.0
1710105237.0,3589901740.0,3700.5370000000007,1.0,2.0
1710105237.0,3589971252.0,3669.471000000001,1.0,1.0
1710105237.0,3648081932.0,3179.4610000000007,1.0,2.0
1710105237.0,3648084762.0,3369.7180000000008,1.0,1.0
1710105237.0,3710970920.0,4165.806000000001,1.0,3.0
1710105237.0,3877613725.0,8789.744,1.0,1.0
1710105237.0,4285277775.0,7816.456000000002,1.0,1.0
1710105237.0,6270810586.0,10308.535999999995,1.0,5.0
1710105237.0,6929449053.0,9514.357,1.0,1.0
1710105237.0,6945912850.0,3372.0259999999994,1.0,1.0
1710105237.0,6948462876.0,8629.217000000002,1.0,2.0
1710105237.0,6948976937.0,4211.300999999998,1.0,4.0
1710105237.0,6950023886.0,2947.239000000001,1.0,1.0
1710105237.0,6950806723.0,7624.091,1.0,2.0
1710105237.0,6950853769.0,5630.918,1.0,1.0
1710105237.0,6950857512.0,4478.038,1.0,2.0
1710105237.0,7069614076.0,7457.476,1.0,1.0
1710105237.0,8518750867.0,7522.756,1.0,1.0
1710105237.0,8629532349.0,8342.549,1.0,1.0
1710105237.0,8720034349.0,11394.694000000003,1.0,1.0
1710115604.0,1710134589.0,761.676,1.0,2.0
1710115604.0,1710134592.0,1169.4029999999998,1.0,1.0
1710115604.0,1710508913.0,486.78700000000003,1.0,2.0
1710115604.0,1711780123.0,8020.339000000002,1.0,5.0
1710115604.0,1711846561.0,7657.104999999999,1.0,1.0
1710115604.0,1712774117.0,9950.962,1.0,2.0
1710115604.0,1712842203.0,10290.440000000002,1.0,1.0
1710115604.0,1713309021.0,8760.405,1.0,1.0
1710115604.0,1719383814.0,9517.371999999996,1.0,1.0
1710115604.0,1720638931.0,11390.920999999995,1.0,4.0
1710115604.0,1720639041.0,11793.360000000002,1.0,1.0
1710115604.0,1721068672.0,13942.782000000005,1.0,11.0
1710115604.0,1721897516.0,13698.428000000005,1.0,1.0
1710115604.0,1722356998.0,11550.745000000006,1.0,1.0
1710115604.0,1722357024.0,11572.841000000006,1.0,2.0
1710115604.0,1722357030.0,12174.758000000003,1.0,1.0
1710115604.0,1722357087.0,12088.673000000004,1.0,1.0
1710115604.0,1723199177.0,12007.250000000002,1.0,1.0
1710115604.0,3182669297.0,5823.0199999999995,1.0,1.0
1710115604.0,3589901740.0,4817.26,1.0,2.0
1710115604.0,3589971252.0,5128.004999999999,1.0,1.0
1710115604.0,3648081932.0,4678.63,1.0,2.0
1710115604.0,3648084762.0,4828.252,1.0,1.0
1710115604.0,3710970920.0,5436.98,1.0,3.0
1710115604.0,3877613725.0,9660.952000000001,1.0,1.0
1710115604.0,4285277775.0,8687.663999999999,1.0,1.0
1710115604.0,6270810586.0,11259.757999999998,1.0,5.0
1710115604.0,6929449053.0,10870.214000000002,1.0,1.0
1710115604.0,6945912850.0,5020.25,1.0,1.0
1710115604.0,6948462876.0,9500.425,1.0,2.0
1710115604.0,6948976937.0,5778.065999999999,1.0,4.0
1710115604.0,6950023886.0,4462.974,1.0,1.0
1710115604.0,6950806723.0,8495.299,1.0,2.0
1710115604.0,6950853769.0,7089.451999999999,1.0,1.0
1710115604.0,6950857512.0,5936.571999999999,1.0,2.0
1710115604.0,7069614076.0,8916.01,1.0,1.0
1710115604.0,8518750867.0,8981.29,1.0,1.0
1710115604.0,8629532349.0,9801.082999999999,1.0,1.0
1710115604.0,8720034349.0,12282.578000000001,1.0,1.0
1710134589.0,1710134592.0,1284.29,2.0,1.0
1710134589.0,1710508913.0,1244.309,2.0,2.0
1710134589.0,1711780123.0,8260.402000000002,2.0,5.0
1710134589.0,1711846561.0,7897.167999999999,2.0,1.0
1710134589.0,1712774117.0,10191.025,2.0,2.0
1710134589.0,1712842203.0,10530.503000000002,2.0,1.0
1710134589.0,1713309021.0,9000.468,2.0,1.0
1710134589.0,1719383814.0,9757.434999999996,2.0,1.0
1710134589.0,1720638931.0,11630.983999999995,2.0,4.0
1710134589.0,1720639041.0,12033.423000000003,2.0,1.0
1710134589.0,1721068672.0,14182.845000000003,2.0,11.0
1710134589.0,1721897516.0,13938.491000000004,2.0,1.0
1710134589.0,1722356998.0,11790.808000000005,2.0,1.0
1710134589.0,1722357024.0,11812.904000000004,2.0,2.0
1710134589.0,1722357030.0,12414.821000000002,2.0,1.0
1710134589.0,1722357087.0,12328.736000000003,2.0,1.0
1710134589.0,1723199177.0,12247.313000000002,2.0,1.0
1710134589.0,3182669297.0,6063.083,2.0,1.0
1710134589.0,3589901740.0,5057.323,2.0,2.0
1710134589.0,3589971252.0,5368.067999999999,2.0,1.0
1710134589.0,3648081932.0,4919.202,2.0,2.0
1710134589.0,3648084762.0,5068.3150000000005,2.0,1.0
1710134589.0,3710970920.0,5677.043000000001,2.0,3.0
1710134589.0,3877613725.0,9901.015000000001,2.0,1.0
1710134589.0,4285277775.0,8927.726999999999,2.0,1.0
1710134589.0,6270810586.0,11499.820999999998,2.0,5.0
1710134589.0,6929449053.0,11110.277000000002,2.0,1.0
1710134589.0,6945912850.0,5260.822,2.0,1.0
1710134589.0,6948462876.0,9740.488,2.0,2.0
1710134589.0,6948976937.0,6018.637999999999,2.0,4.0
1710134589.0,6950023886.0,4703.546,2.0,1.0
1710134589.0,6950806723.0,8735.362000000001,2.0,2.0
1710134589.0,6950853769.0,7329.514999999999,2.0,1.0
1710134589.0,6950857512.0,6176.634999999999,2.0,2.0
1710134589.0,7069614076.0,9156.073,2.0,1.0
1710134589.0,8518750867.0,9221.353000000001,2.0,1.0
1710134589.0,8629532349.0,10041.145999999999,2.0,1.0
1710134589.0,8720034349.0,12522.641000000001,2.0,1.0
1710134592.0,1710508913.0,707.913,1.0,2.0
1710134592.0,1711780123.0,7981.624,1.0,5.0
1710134592.0,1711846561.0,7618.3899999999985,1.0,1.0
1710134592.0,1712774117.0,9912.247,1.0,2.0
1710134592.0,1712842203.0,10251.725000000002,1.0,1.0
1710134592.0,1713309021.0,8721.69,1.0,1.0
1710134592.0,1719383814.0,9478.656999999996,1.0,1.0
1710134592.0,1720638931.0,11352.205999999995,1.0,4.0
1710134592.0,1720639041.0,11754.645000000002,1.0,1.0
1710134592.0,1721068672.0,13904.067000000005,1.0,11.0
1710134592.0,1721897516.0,13659.713000000005,1.0,1.0
1710134592.0,1722356998.0,11512.030000000006,1.0,1.0
1710134592.0,1722357024.0,11534.126000000006,1.0,2.0
1710134592.0,1722357030.0,12136.043000000003,1.0,1.0
1710134592.0,1722357087.0,12049.958000000004,1.0,1.0
1710134592.0,1723199177.0,11968.535000000002,1.0,1.0
1710134592.0,3182669297.0,5776.503999999999,1.0,1.0
1710134592.0,3589901740.0,4778.545,1.0,2.0
1710134592.0,3589971252.0,5089.289999999998,1.0,1.0
1710134592.0,3648081932.0,4628.726,1.0,2.0
1710134592.0,3648084762.0,4789.536999999999,1.0,1.0
1710134592.0,3710970920.0,5398.264999999999,1.0,3.0
1710134592.0,3877613725.0,9622.237000000001,1.0,1.0
1710134592.0,4285277775.0,8648.948999999999,1.0,1.0
1710134592.0,6270810586.0,11221.042999999998,1.0,5.0
1710134592.0,6929449053.0,10831.499000000002,1.0,1.0
1710134592.0,6945912850.0,4970.346,1.0,1.0
1710134592.0,6948462876.0,9461.71,1.0,2.0
1710134592.0,6948976937.0,5728.161999999998,1.0,4.0
1710134592.0,6950023886.0,4413.07,1.0,1.0
1710134592.0,6950806723.0,8456.584,1.0,2.0
1710134592.0,6950853769.0,7050.736999999998,1.0,1.0
1710134592.0,6950857512.0,5897.856999999998,1.0,2.0
1710134592.0,7069614076.0,8877.294999999998,1.0,1.0
1710134592.0,8518750867.0,8942.574999999999,1.0,1.0
1710134592.0,8629532349.0,9762.367999999997,1.0,1.0
1710134592.0,8720034349.0,12243.863000000001,1.0,1.0
1710508913.0,1711780123.0,7679.1990000000005,2.0,5.0
1710508913.0,1711846561.0,7315.964999999997,2.0,1.0
1710508913.0,1712774117.0,9609.821999999998,2.0,2.0
1710508913.0,1712842203.0,9949.300000000001,2.0,1.0
1710508913.0,1713309021.0,8419.265000000001,2.0,1.0
1710508913.0,1719383814.0,9176.231999999996,2.0,1.0
1710508913.0,1720638931.0,11049.780999999995,2.0,4.0
1710508913.0,1720639041.0,11452.220000000005,2.0,1.0
1710508913.0,1721068672.0,13601.642000000002,2.0,11.0
1710508913.0,1721897516.0,13357.288000000002,2.0,1.0
1710508913.0,1722356998.0,11209.605000000003,2.0,1.0
1710508913.0,1722357024.0,11231.701000000003,2.0,2.0
1710508913.0,1722357030.0,11833.618,2.0,1.0
1710508913.0,1722357087.0,11747.533000000001,2.0,1.0
1710508913.0,1723199177.0,11666.11,2.0,1.0
1710508913.0,3182669297.0,5474.079,2.0,1.0
1710508913.0,3589901740.0,4476.120000000001,2.0,2.0
1710508913.0,3589971252.0,4786.864999999998,2.0,1.0
1710508913.0,3648081932.0,4326.3009999999995,2.0,2.0
1710508913.0,3648084762.0,4487.111999999999,2.0,1.0
1710508913.0,3710970920.0,5095.839999999999,2.0,3.0
1710508913.0,3877613725.0,9319.812000000002,2.0,1.0
1710508913.0,4285277775.0,8346.524000000003,2.0,1.0
1710508913.0,6270810586.0,10918.617999999997,2.0,5.0
1710508913.0,6929449053.0,10529.074,2.0,1.0
1710508913.0,6945912850.0,4667.920999999999,2.0,1.0
1710508913.0,6948462876.0,9159.285000000003,2.0,2.0
1710508913.0,6948976937.0,5425.736999999999,2.0,4.0
1710508913.0,6950023886.0,4110.6449999999995,2.0,1.0
1710508913.0,6950806723.0,8154.1590000000015,2.0,2.0
1710508913.0,6950853769.0,6748.311999999998,2.0,1.0
1710508913.0,6950857512.0,5595.431999999998,2.0,2.0
1710508913.0,7069614076.0,8574.869999999999,2.0,1.0
1710508913.0,8518750867.0,8640.15,2.0,1.0
1710508913.0,8629532349.0,9459.942999999997,2.0,1.0
1710508913.0,8720034349.0,11941.438000000004,2.0,1.0
1711780123.0,1711846561.0,741.469,5.0,1.0
1711780123.0,1712774117.0,3021.3439999999996,5.0,2.0
1711780123.0,1712842203.0,2848.294,5.0,1.0
1711780123.0,1713309021.0,4632.235999999999,5.0,1.0
1711780123.0,1719383814.0,4818.686000000002,5.0,1.0
1711780123.0,1720638931.0,6431.586000000002,5.0,4.0
1711780123.0,1720639041.0,5863.218000000001,5.0,1.0
1711780123.0,1721068672.0,6724.158999999999,5.0,11.0
1711780123.0,1721897516.0,6479.805,5.0,1.0
1711780123.0,1722356998.0,4331.334,5.0,1.0
1711780123.0,1722357024.0,4353.429999999999,5.0,2.0
1711780123.0,1722357030.0,4992.835,5.0,1.0
1711780123.0,1722357087.0,4906.75,5.0,1.0
1711780123.0,1723199177.0,4565.104000000001,5.0,1.0
1711780123.0,3182669297.0,2863.4159999999993,5.0,1.0
1711780123.0,3589901740.0,3345.957,5.0,2.0
1711780123.0,3589971252.0,3050.5799999999995,5.0,1.0
1711780123.0,3648081932.0,3382.344,5.0,2.0
1711780123.0,3648084762.0,3192.087,5.0,1.0
1711780123.0,3710970920.0,2728.1989999999996,5.0,3.0
1711780123.0,3877613725.0,4650.577000000002,5.0,1.0
1711780123.0,4285277775.0,4394.828,5.0,1.0
1711780123.0,6270810586.0,4330.139999999999,5.0,5.0
1711780123.0,6929449053.0,3428.068,5.0,1.0
1711780123.0,6945912850.0,3685.180999999999,5.0,1.0
1711780123.0,6948462876.0,5207.589,5.0,2.0
1711780123.0,6948976937.0,3739.9719999999993,5.0,4.0
1711780123.0,6950023886.0,3758.284,5.0,1.0
1711780123.0,6950806723.0,3483.997000000001,5.0,2.0
1711780123.0,6950853769.0,1303.046,5.0,1.0
1711780123.0,6950857512.0,2083.767,5.0,2.0
1711780123.0,7069614076.0,1666.4030000000002,5.0,1.0
1711780123.0,8518750867.0,1731.6830000000002,5.0,1.0
1711780123.0,8629532349.0,2497.692,5.0,1.0
1711780123.0,8720034349.0,6352.436000000001,5.0,1.0
1711846561.0,1712774117.0,3708.47,1.0,2.0
1711846561.0,1712842203.0,3587.9760000000006,1.0,1.0
1711846561.0,1713309021.0,4969.739,1.0,1.0
1711846561.0,1719383814.0,5312.735000000004,1.0,1.0
1711846561.0,1720638931.0,6925.635000000004,1.0,4.0
1711846561.0,1720639041.0,6460.235000000001,1.0,1.0
1711846561.0,1721068672.0,7439.594999999999,1.0,11.0
1711846561.0,1721897516.0,7195.241000000001,1.0,1.0
1711846561.0,1722356998.0,5046.7699999999995,1.0,1.0
1711846561.0,1722357024.0,5068.865999999999,1.0,2.0
1711846561.0,1722357030.0,5708.271,1.0,1.0
1711846561.0,1722357087.0,5622.186,1.0,1.0
1711846561.0,1723199177.0,5052.722,1.0,1.0
1711846561.0,3182669297.0,2170.7989999999995,1.0,1.0
1711846561.0,3589901740.0,2987.549,1.0,2.0
1711846561.0,3589971252.0,2531.6910000000007,1.0,1.0
1711846561.0,3648081932.0,3019.1099999999997,1.0,2.0
1711846561.0,3648084762.0,2828.8529999999996,1.0,1.0
1711846561.0,3710970920.0,2369.7909999999997,1.0,3.0
1711846561.0,3877613725.0,5144.626000000004,1.0,1.0
1711846561.0,4285277775.0,4732.331000000002,1.0,1.0
1711846561.0,6270810586.0,5017.266000000001,1.0,5.0
1711846561.0,6929449053.0,3924.0969999999998,1.0,1.0
1711846561.0,6945912850.0,3237.2420000000006,1.0,1.0
1711846561.0,6948462876.0,5545.0920000000015,1.0,2.0
1711846561.0,6948976937.0,3114.2900000000004,1.0,4.0
1711846561.0,6950023886.0,3395.0499999999997,1.0,1.0
1711846561.0,6950806723.0,3978.046000000001,1.0,2.0
1711846561.0,6950853769.0,1082.323,1.0,1.0
1711846561.0,6950857512.0,1725.359,1.0,2.0
1711846561.0,7069614076.0,1474.961,1.0,1.0
1711846561.0,8518750867.0,1540.241,1.0,1.0
1711846561.0,8629532349.0,2360.0339999999997,1.0,1.0
1711846561.0,8720034349.0,6949.453,1.0,1.0
1712774117.0,1712842203.0,913.595,2.0,1.0
1712774117.0,1713309021.0,2288.629,2.0,1.0
1712774117.0,1719383814.0,2159.5170000000003,2.0,1.0
1712774117.0,1720638931.0,3553.1170000000006,2.0,4.0
1712774117.0,1720639041.0,2926.788,2.0,1.0
1712774117.0,1721068672.0,4103.61,2.0,11.0
1712774117.0,1721897516.0,3859.256,2.0,1.0
1712774117.0,1722356998.0,1724.752,2.0,1.0
1712774117.0,1722357024.0,1746.848,2.0,2.0
1712774117.0,1722357030.0,2335.586,2.0,1.0
1712774117.0,1722357087.0,2249.5009999999997,2.0,1.0
1712774117.0,1723199177.0,2284.4809999999998,2.0,1.0
1712774117.0,3182669297.0,5318.107,2.0,1.0
1712774117.0,3589901740.0,5648.285999999998,2.0,2.0
1712774117.0,3589971252.0,5505.271,2.0,1.0
1712774117.0,3648081932.0,5820.278999999998,2.0,2.0
1712774117.0,3648084762.0,5630.021999999998,2.0,1.0
1712774117.0,3710970920.0,5026.145999999999,2.0,3.0
1712774117.0,3877613725.0,1991.4080000000001,2.0,1.0
1712774117.0,4285277775.0,1968.8909999999998,2.0,1.0
1712774117.0,6270810586.0,1308.796,2.0,5.0
1712774117.0,6929449053.0,1212.6889999999999,2.0,1.0
1712774117.0,6945912850.0,6139.871999999999,2.0,1.0
1712774117.0,6948462876.0,2781.652,2.0,2.0
1712774117.0,6948976937.0,6194.6630000000005,2.0,4.0
1712774117.0,6950023886.0,6196.218999999997,2.0,1.0
1712774117.0,6950806723.0,1589.708,2.0,2.0
1712774117.0,6950853769.0,3548.803,2.0,1.0
1712774117.0,6950857512.0,4538.4580000000005,2.0,2.0
1712774117.0,7069614076.0,3633.733,2.0,1.0
1712774117.0,8518750867.0,3585.1890000000003,2.0,1.0
1712774117.0,8629532349.0,2748.6600000000003,2.0,1.0
1712774117.0,8720034349.0,3416.006,2.0,1.0
1712842203.0,1713309021.0,3038.409,1.0,1.0
1712842203.0,1719383814.0,2901.2609999999995,1.0,1.0
1712842203.0,1720638931.0,4270.984,1.0,4.0
1712842203.0,1720639041.0,3644.6549999999997,1.0,1.0
1712842203.0,1721068672.0,4047.325999999999,1.0,11.0
1712842203.0,1721897516.0,3802.9719999999993,1.0,1.0
1712842203.0,1722356998.0,1906.8840000000005,1.0,1.0
1712842203.0,1722357024.0,1927.5260000000003,1.0,2.0
1712842203.0,1722357030.0,2533.382000000001,1.0,1.0
1712842203.0,1722357087.0,2447.297000000001,1.0,1.0
1712842203.0,1723199177.0,1780.1419999999998,1.0,1.0
1712842203.0,3182669297.0,5237.446,1.0,1.0
1712842203.0,3589901740.0,5717.866999999999,1.0,2.0
1712842203.0,3589971252.0,5424.61,1.0,1.0
1712842203.0,3648081932.0,5755.121999999999,1.0,2.0
1712842203.0,3648084762.0,5564.865,1.0,1.0
1712842203.0,3710970920.0,5100.1089999999995,1.0,3.0
1712842203.0,3877613725.0,2733.1519999999996,1.0,1.0
1712842203.0,4285277775.0,2718.6710000000003,1.0,1.0
1712842203.0,6270810586.0,2026.6629999999998,1.0,5.0
1712842203.0,6929449053.0,643.106,1.0,1.0
1712842203.0,6945912850.0,6059.210999999999,1.0,1.0
1712842203.0,6948462876.0,3531.4320000000002,1.0,2.0
1712842203.0,6948976937.0,6114.002,1.0,4.0
1712842203.0,6950023886.0,6131.061999999999,1.0,1.0
1712842203.0,6950806723.0,2498.9220000000005,1.0,2.0
1712842203.0,6950853769.0,3673.3800000000006,1.0,1.0
1712842203.0,6950857512.0,4457.7970000000005,1.0,2.0
1712842203.0,7069614076.0,2909.7419999999997,1.0,1.0
1712842203.0,8518750867.0,2861.198,1.0,1.0
1712842203.0,8629532349.0,2024.6689999999999,1.0,1.0
1712842203.0,8720034349.0,4133.873,1.0,1.0
1713309021.0,1719383814.0,1278.769,1.0,1.0
1713309021.0,1720638931.0,3152.3180000000007,1.0,4.0
1713309021.0,1720639041.0,3739.6279999999997,1.0,1.0
1713309021.0,1721068672.0,5934.233999999998,1.0,11.0
1713309021.0,1721897516.0,5689.879999999999,1.0,1.0
1713309021.0,1722356998.0,3640.829000000001,1.0,1.0
1713309021.0,1722357024.0,3662.925000000001,1.0,2.0
1713309021.0,1722357030.0,4166.209999999999,1.0,1.0
1713309021.0,1722357087.0,4080.124999999999,1.0,1.0
1713309021.0,1723199177.0,4213.998,1.0,1.0
1713309021.0,3182669297.0,5792.865999999999,1.0,1.0
1713309021.0,3589901740.0,5225.624,1.0,2.0
1713309021.0,3589971252.0,5759.32,1.0,1.0
1713309021.0,3648081932.0,5909.614999999998,1.0,2.0
1713309021.0,3648084762.0,5719.357999999998,1.0,1.0
1713309021.0,3710970920.0,4923.269999999999,1.0,3.0
1713309021.0,3877613725.0,1444.4189999999999,1.0,1.0
1713309021.0,4285277775.0,319.738,1.0,1.0
1713309021.0,6270810586.0,3218.562,1.0,5.0
1713309021.0,6929449053.0,3326.9190000000003,1.0,1.0
1713309021.0,6945912850.0,6333.531999999998,1.0,1.0
1713309021.0,6948462876.0,1029.231,1.0,2.0
1713309021.0,6948976937.0,6576.699,1.0,4.0
1713309021.0,6950023886.0,6159.376999999999,1.0,1.0
1713309021.0,6950806723.0,1390.5659999999998,1.0,2.0
1713309021.0,6950853769.0,4212.235,1.0,1.0
1713309021.0,6950857512.0,5394.511999999999,1.0,2.0
1713309021.0,7069614076.0,5747.962999999999,1.0,1.0
1713309021.0,8518750867.0,5699.418999999999,1.0,1.0
1713309021.0,8629532349.0,4862.889999999999,1.0,1.0
1713309021.0,8720034349.0,4228.8460000000005,1.0,1.0
1719383814.0,1720638931.0,1949.1179999999995,1.0,4.0
1719383814.0,1720639041.0,2530.02,1.0,1.0
1719383814.0,1721068672.0,4724.625999999998,1.0,11.0
1719383814.0,1721897516.0,4480.272,1.0,1.0
1719383814.0,1722356998.0,2435.463,1.0,1.0
1719383814.0,1722357024.0,2457.559,1.0,2.0
1719383814.0,1722357030.0,2956.6019999999994,1.0,1.0
1719383814.0,1722357087.0,2870.5169999999994,1.0,1.0
1719383814.0,1723199177.0,3102.0730000000003,1.0,1.0
1719383814.0,3182669297.0,6135.861999999999,1.0,1.0
1719383814.0,3589901740.0,5888.405999999998,1.0,2.0
1719383814.0,3589971252.0,6102.316,1.0,1.0
1719383814.0,3648081932.0,6252.610999999998,1.0,2.0
1719383814.0,3648084762.0,6062.353999999998,1.0,1.0
1719383814.0,3710970920.0,5266.265999999999,1.0,3.0
1719383814.0,3877613725.0,168.109,1.0,1.0
1719383814.0,4285277775.0,959.981,1.0,1.0
1719383814.0,6270810586.0,2010.3739999999998,1.0,5.0
1719383814.0,6929449053.0,3055.5540000000005,1.0,1.0
1719383814.0,6945912850.0,6676.527999999998,1.0,1.0
1719383814.0,6948462876.0,696.3389999999999,1.0,2.0
1719383814.0,6948976937.0,6919.695,1.0,4.0
1719383814.0,6950023886.0,6590.184999999999,1.0,1.0
1719383814.0,6950806723.0,1334.6889999999999,1.0,2.0
1719383814.0,6950853769.0,4555.231000000001,1.0,1.0
1719383814.0,6950857512.0,5737.508,1.0,2.0
1719383814.0,7069614076.0,5476.597999999999,1.0,1.0
1719383814.0,8518750867.0,5428.053999999999,1.0,1.0
1719383814.0,8629532349.0,4591.525,1.0,1.0
1719383814.0,8720034349.0,3019.238,1.0,1.0
1720638931.0,1720639041.0,1038.945,4.0,1.0
1720638931.0,1721068672.0,3356.2920000000004,4.0,11.0
1720638931.0,1721897516.0,3628.689,4.0,1.0
1720638931.0,1722356998.0,2421.851,4.0,1.0
1720638931.0,1722357024.0,2402.432,4.0,2.0
1720638931.0,1722357030.0,2256.213,4.0,1.0
1720638931.0,1722357087.0,2325.265,4.0,1.0
1720638931.0,1723199177.0,3339.4870000000005,4.0,1.0
1720638931.0,3182669297.0,7748.7620000000015,4.0,1.0
1720638931.0,3589901740.0,7501.3060000000005,4.0,2.0
1720638931.0,3589971252.0,7715.216000000002,4.0,1.0
1720638931.0,3648081932.0,7865.511,4.0,2.0
1720638931.0,3648084762.0,7675.254000000001,4.0,1.0
1720638931.0,3710970920.0,6879.166000000001,4.0,3.0
1720638931.0,3877613725.0,1781.009,4.0,1.0
1720638931.0,4285277775.0,2833.5300000000007,4.0,1.0
1720638931.0,6270810586.0,2245.1249999999995,4.0,5.0
1720638931.0,6929449053.0,4275.564,4.0,1.0
1720638931.0,6945912850.0,8289.428000000002,4.0,1.0
1720638931.0,6948462876.0,2177.482,4.0,2.0
1720638931.0,6948976937.0,8532.595000000001,4.0,4.0
1720638931.0,6950023886.0,8203.085000000001,4.0,1.0
1720638931.0,6950806723.0,2947.589,4.0,2.0
1720638931.0,6950853769.0,6168.131000000001,4.0,1.0
1720638931.0,6950857512.0,7350.408,4.0,2.0
1720638931.0,7069614076.0,6696.607999999999,4.0,1.0
1720638931.0,8518750867.0,6648.063999999999,4.0,1.0
1720638931.0,8629532349.0,5811.535,4.0,1.0
1720638931.0,8720034349.0,1352.699,4.0,1.0
1720639041.0,1721068672.0,2492.8110000000006,1.0,11.0
1720639041.0,1721897516.0,2604.3370000000004,1.0,1.0
1720639041.0,1722356998.0,1795.522,1.0,1.0
1720639041.0,1722357024.0,1776.1029999999998,1.0,2.0
1720639041.0,1722357030.0,1245.235,1.0,1.0
1720639041.0,1722357087.0,1329.447,1.0,1.0
1720639041.0,1723199177.0,2713.1580000000004,1.0,1.0
1720639041.0,3182669297.0,7506.353999999998,1.0,1.0
1720639041.0,3589901740.0,7520.175999999998,1.0,2.0
1720639041.0,3589971252.0,7692.467999999998,1.0,1.0
1720639041.0,3648081932.0,7884.380999999998,1.0,2.0
1720639041.0,3648084762.0,7694.123999999998,1.0,1.0
1720639041.0,3710970920.0,6898.035999999998,1.0,3.0
1720639041.0,3877613725.0,2361.9109999999996,1.0,1.0
1720639041.0,4285277775.0,3419.8899999999994,1.0,1.0
1720639041.0,6270810586.0,1618.7959999999998,1.0,5.0
1720639041.0,6929449053.0,3649.235,1.0,1.0
1720639041.0,6945912850.0,8308.297999999999,1.0,1.0
1720639041.0,6948462876.0,2893.777999999999,1.0,2.0
1720639041.0,6948976937.0,8381.859999999999,1.0,4.0
1720639041.0,6950023886.0,8221.954999999998,1.0,1.0
1720639041.0,6950806723.0,3397.8069999999993,1.0,2.0
1720639041.0,6950853769.0,5861.806,1.0,1.0
1720639041.0,6950857512.0,7044.082999999999,1.0,2.0
1720639041.0,7069614076.0,6070.2789999999995,1.0,1.0
1720639041.0,8518750867.0,6021.735,1.0,1.0
1720639041.0,8629532349.0,5185.206,1.0,1.0
1720639041.0,8720034349.0,489.2179999999999,1.0,1.0
1721068672.0,1721897516.0,491.288,11.0,1.0
1721068672.0,1722356998.0,2429.525000000001,11.0,1.0
1721068672.0,1722357024.0,2407.429000000001,11.0,2.0
1721068672.0,1722357030.0,1931.3210000000008,11.0,1.0
1721068672.0,1722357087.0,1960.796000000001,11.0,1.0
1721068672.0,1723199177.0,2788.791000000001,11.0,1.0
1721068672.0,3182669297.0,9049.232000000004,11.0,1.0
1721068672.0,3589901740.0,9529.653,11.0,2.0
1721068672.0,3589971252.0,9236.396000000004,11.0,1.0
1721068672.0,3648081932.0,9566.907999999998,11.0,2.0
1721068672.0,3648084762.0,9376.650999999996,11.0,1.0
1721068672.0,3710970920.0,8911.895000000002,11.0,3.0
1721068672.0,3877613725.0,4556.517000000001,11.0,1.0
1721068672.0,4285277775.0,5614.496000000004,11.0,1.0
1721068672.0,6270810586.0,2794.8140000000008,11.0,5.0
1721068672.0,6929449053.0,3609.2880000000005,11.0,1.0
1721068672.0,6945912850.0,9870.997000000005,11.0,1.0
1721068672.0,6948462876.0,5088.384000000002,11.0,2.0
1721068672.0,6948976937.0,9925.787999999999,11.0,4.0
1721068672.0,6950023886.0,9942.847999999996,11.0,1.0
1721068672.0,6950806723.0,5592.413000000001,11.0,2.0
1721068672.0,6950853769.0,7457.081000000001,11.0,1.0
1721068672.0,6950857512.0,8269.583,11.0,2.0
1721068672.0,7069614076.0,6029.334999999999,11.0,1.0
1721068672.0,8518750867.0,5967.075,11.0,1.0
1721068672.0,8629532349.0,5144.262,11.0,1.0
1721068672.0,8720034349.0,2063.4249999999997,11.0,1.0
1721897516.0,1722356998.0,2185.1710000000003,1.0,1.0
1721897516.0,1722357024.0,2163.0750000000003,1.0,2.0
1721897516.0,1722357030.0,1686.967,1.0,1.0
1721897516.0,1722357087.0,1716.4420000000005,1.0,1.0
1721897516.0,1723199177.0,2544.437000000001,1.0,1.0
1721897516.0,3182669297.0,8804.878000000002,1.0,1.0
1721897516.0,3589901740.0,9285.298999999999,1.0,2.0
1721897516.0,3589971252.0,8992.042000000003,1.0,1.0
1721897516.0,3648081932.0,9322.553999999998,1.0,2.0
1721897516.0,3648084762.0,9132.296999999997,1.0,1.0
1721897516.0,3710970920.0,8667.541000000001,1.0,3.0
1721897516.0,3877613725.0,4312.1630000000005,1.0,1.0
1721897516.0,4285277775.0,5370.142000000003,1.0,1.0
1721897516.0,6270810586.0,2550.460000000001,1.0,5.0
1721897516.0,6929449053.0,3364.934,1.0,1.0
1721897516.0,6945912850.0,9626.643000000004,1.0,1.0
1721897516.0,6948462876.0,4844.030000000002,1.0,2.0
1721897516.0,6948976937.0,9681.433999999997,1.0,4.0
1721897516.0,6950023886.0,9698.493999999997,1.0,1.0
1721897516.0,6950806723.0,5348.059,1.0,2.0
1721897516.0,6950853769.0,7212.727000000001,1.0,1.0
1721897516.0,6950857512.0,8025.228999999999,1.0,2.0
1721897516.0,7069614076.0,5784.980999999999,1.0,1.0
1721897516.0,8518750867.0,5722.720999999999,1.0,1.0
1721897516.0,8629532349.0,4899.907999999999,1.0,1.0
1721897516.0,8720034349.0,2528.2619999999997,1.0,1.0
1722356998.0,1722357024.0,22.096,1.0,2.0
1722356998.0,1722357030.0,661.5010000000001,1.0,1.0
1722356998.0,1722357087.0,575.416,1.0,1.0
1722356998.0,1723199177.0,917.6359999999999,1.0,1.0
1722356998.0,3182669297.0,6656.406999999999,1.0,1.0
1722356998.0,3589901740.0,7136.827999999998,1.0,2.0
1722356998.0,3589971252.0,6843.570999999999,1.0,1.0
1722356998.0,3648081932.0,7174.082999999998,1.0,2.0
1722356998.0,3648084762.0,6983.825999999998,1.0,1.0
1722356998.0,3710970920.0,6519.069999999998,1.0,3.0
1722356998.0,3877613725.0,2267.354,1.0,1.0
1722356998.0,4285277775.0,3321.0909999999994,1.0,1.0
1722356998.0,6270810586.0,502.34600000000006,1.0,5.0
1722356998.0,6929449053.0,1853.7130000000002,1.0,1.0
1722356998.0,6945912850.0,7478.171999999999,1.0,1.0
1722356998.0,6948462876.0,2805.818999999999,1.0,2.0
1722356998.0,6948976937.0,7532.963,1.0,4.0
1722356998.0,6950023886.0,7550.022999999997,1.0,1.0
1722356998.0,6950806723.0,3298.890999999999,1.0,2.0
1722356998.0,6950853769.0,5065.043999999999,1.0,1.0
1722356998.0,6950857512.0,5876.758,1.0,2.0
1722356998.0,7069614076.0,4274.7570000000005,1.0,1.0
1722356998.0,8518750867.0,4226.213000000001,1.0,1.0
1722356998.0,8629532349.0,3389.6839999999997,1.0,1.0
1722356998.0,8720034349.0,2284.74,1.0,1.0
1722357024.0,1722357030.0,639.4050000000001,2.0,1.0
1722357024.0,1722357087.0,553.32,2.0,1.0
1722357024.0,1723199177.0,938.2779999999999,2.0,1.0
1722357024.0,3182669297.0,6678.502999999999,2.0,1.0
1722357024.0,3589901740.0,7158.923999999997,2.0,2.0
1722357024.0,3589971252.0,6865.666999999999,2.0,1.0
1722357024.0,3648081932.0,7196.178999999997,2.0,2.0
1722357024.0,3648084762.0,7005.921999999998,2.0,1.0
1722357024.0,3710970920.0,6541.165999999997,2.0,3.0
1722357024.0,3877613725.0,2289.45,2.0,1.0
1722357024.0,4285277775.0,3343.186999999999,2.0,1.0
1722357024.0,6270810586.0,482.927,2.0,5.0
1722357024.0,6929449053.0,1874.355,2.0,1.0
1722357024.0,6945912850.0,7500.267999999998,2.0,1.0
1722357024.0,6948462876.0,2827.914999999999,2.0,2.0
1722357024.0,6948976937.0,7555.058999999999,2.0,4.0
1722357024.0,6950023886.0,7572.118999999997,2.0,1.0
1722357024.0,6950806723.0,3320.986999999999,2.0,2.0
1722357024.0,6950853769.0,5087.1399999999985,2.0,1.0
1722357024.0,6950857512.0,5898.853999999999,2.0,2.0
1722357024.0,7069614076.0,4295.399,2.0,1.0
1722357024.0,8518750867.0,4246.8550000000005,2.0,1.0
1722357024.0,8629532349.0,3410.3259999999996,2.0,1.0
1722357024.0,8720034349.0,2265.321,2.0,1.0
1722357030.0,1722357087.0,86.085,1.0,1.0
1722357030.0,1723199177.0,1544.134,1.0,1.0
1722357030.0,3182669297.0,7317.907999999999,1.0,1.0
1722357030.0,3589901740.0,7798.328999999998,1.0,2.0
1722357030.0,3589971252.0,7505.071999999999,1.0,1.0
1722357030.0,3648081932.0,7835.583999999998,1.0,2.0
1722357030.0,3648084762.0,7645.326999999998,1.0,1.0
1722357030.0,3710970920.0,7180.570999999998,1.0,3.0
1722357030.0,3877613725.0,2788.4929999999995,1.0,1.0
1722357030.0,4285277775.0,3846.471999999999,1.0,1.0
1722357030.0,6270810586.0,1026.79,1.0,5.0
1722357030.0,6929449053.0,2480.211,1.0,1.0
1722357030.0,6945912850.0,8139.672999999999,1.0,1.0
1722357030.0,6948462876.0,3320.359999999999,1.0,2.0
1722357030.0,6948976937.0,8194.464,1.0,4.0
1722357030.0,6950023886.0,8211.523999999998,1.0,1.0
1722357030.0,6950806723.0,3824.388999999999,1.0,2.0
1722357030.0,6950853769.0,5689.057,1.0,1.0
1722357030.0,6950857512.0,6538.259,1.0,2.0
1722357030.0,7069614076.0,4901.254999999999,1.0,1.0
1722357030.0,8518750867.0,4852.710999999999,1.0,1.0
1722357030.0,8629532349.0,4016.1819999999993,1.0,1.0
1722357030.0,8720034349.0,1711.3569999999997,1.0,1.0
1722357087.0,1723199177.0,1458.049,1.0,1.0
1722357087.0,3182669297.0,7231.823,1.0,1.0
1722357087.0,3589901740.0,7712.243999999999,1.0,2.0
1722357087.0,3589971252.0,7418.987,1.0,1.0
1722357087.0,3648081932.0,7749.498999999999,1.0,2.0
1722357087.0,3648084762.0,7559.241999999999,1.0,1.0
1722357087.0,3710970920.0,7094.485999999999,1.0,3.0
1722357087.0,3877613725.0,2702.4079999999994,1.0,1.0
1722357087.0,4285277775.0,3760.386999999999,1.0,1.0
1722357087.0,6270810586.0,940.7049999999999,1.0,5.0
1722357087.0,6929449053.0,2394.126,1.0,1.0
1722357087.0,6945912850.0,8053.588,1.0,1.0
1722357087.0,6948462876.0,3234.274999999999,1.0,2.0
1722357087.0,6948976937.0,8108.379000000001,1.0,4.0
1722357087.0,6950023886.0,8125.4389999999985,1.0,1.0
1722357087.0,6950806723.0,3738.303999999999,1.0,2.0
1722357087.0,6950853769.0,5602.972,1.0,1.0
1722357087.0,6950857512.0,6452.174000000001,1.0,2.0
1722357087.0,7069614076.0,4815.17,1.0,1.0
1722357087.0,8518750867.0,4766.626,1.0,1.0
1722357087.0,8629532349.0,3930.097,1.0,1.0
1722357087.0,8720034349.0,1795.569,1.0,1.0
1723199177.0,3182669297.0,6954.256000000001,1.0,1.0
1723199177.0,3589901740.0,7434.677,1.0,2.0
1723199177.0,3589971252.0,7141.420000000001,1.0,1.0
1723199177.0,3648081932.0,7471.932,1.0,2.0
1723199177.0,3648084762.0,7281.675,1.0,1.0
1723199177.0,3710970920.0,6816.919,1.0,3.0
1723199177.0,3877613725.0,2933.9640000000004,1.0,1.0
1723199177.0,4285277775.0,3894.2599999999993,1.0,1.0
1723199177.0,6270810586.0,1419.9820000000002,1.0,5.0
1723199177.0,6929449053.0,1157.7140000000002,1.0,1.0
1723199177.0,6945912850.0,7776.021000000001,1.0,1.0
1723199177.0,6948462876.0,3477.5639999999994,1.0,2.0
1723199177.0,6948976937.0,7830.812000000002,1.0,4.0
1723199177.0,6950023886.0,7847.871999999999,1.0,1.0
1723199177.0,6950806723.0,3869.8079999999995,1.0,2.0
1723199177.0,6950853769.0,5390.1900000000005,1.0,1.0
1723199177.0,6950857512.0,6174.607000000002,1.0,2.0
1723199177.0,7069614076.0,3577.7609999999995,1.0,1.0
1723199177.0,8518750867.0,3515.5009999999997,1.0,1.0
1723199177.0,8629532349.0,2692.6879999999996,1.0,1.0
1723199177.0,8720034349.0,3202.376,1.0,1.0
3182669297.0,3589901740.0,1505.9550000000002,1.0,2.0
3182669297.0,3589971252.0,695.0149999999999,1.0,1.0
3182669297.0,3648081932.0,1147.7780000000002,1.0,2.0
3182669297.0,3648084762.0,994.7679999999998,1.0,1.0
3182669297.0,3710970920.0,904.433,1.0,3.0
3182669297.0,3877613725.0,5967.753000000001,1.0,1.0
3182669297.0,4285277775.0,5555.457999999999,1.0,1.0
3182669297.0,6270810586.0,6626.903000000003,1.0,5.0
3182669297.0,6929449053.0,5817.220000000002,1.0,1.0
3182669297.0,6945912850.0,1170.2469999999998,1.0,1.0
3182669297.0,6948462876.0,6368.218999999998,1.0,2.0
3182669297.0,6948976937.0,984.0790000000001,1.0,4.0
3182669297.0,6950023886.0,1517.3280000000002,1.0,1.0
3182669297.0,6950806723.0,4801.172999999999,1.0,2.0
3182669297.0,6950853769.0,1961.9259999999997,1.0,1.0
3182669297.0,6950857512.0,779.649,1.0,2.0
3182669297.0,7069614076.0,3429.7039999999997,1.0,1.0
3182669297.0,8518750867.0,3467.284,1.0,1.0
3182669297.0,8629532349.0,4287.609,1.0,1.0
3182669297.0,8720034349.0,7995.572000000001,1.0,1.0
3589901740.0,3589971252.0,1047.788,2.0,1.0
3589901740.0,3648081932.0,860.9509999999999,2.0,2.0
3589901740.0,3648084762.0,808.159,2.0,1.0
3589901740.0,3710970920.0,622.14,2.0,3.0
3589901740.0,3877613725.0,5720.2970000000005,2.0,1.0
3589901740.0,4285277775.0,5152.8830000000025,2.0,1.0
3589901740.0,6270810586.0,6957.082000000002,2.0,5.0
3589901740.0,6929449053.0,6297.641000000002,2.0,1.0
3589901740.0,6945912850.0,1300.854,2.0,1.0
3589901740.0,6948462876.0,5965.644000000002,2.0,2.0
3589901740.0,6948976937.0,1926.8470000000004,2.0,4.0
3589901740.0,6950023886.0,1103.97,2.0,1.0
3589901740.0,6950806723.0,4553.716999999999,2.0,2.0
3589901740.0,6950853769.0,2414.202,2.0,1.0
3589901740.0,6950857512.0,1262.19,2.0,2.0
3589901740.0,7069614076.0,4339.213,2.0,1.0
3589901740.0,8518750867.0,4404.493,2.0,1.0
3589901740.0,8629532349.0,5224.285999999999,2.0,1.0
3589901740.0,8720034349.0,8009.393999999999,2.0,1.0
3589971252.0,3648081932.0,490.01,1.0,2.0
3589971252.0,3648084762.0,299.753,1.0,1.0
3589971252.0,3710970920.0,836.0500000000001,1.0,3.0
3589971252.0,3877613725.0,5934.207,1.0,1.0
3589971252.0,4285277775.0,5521.911999999999,1.0,1.0
3589971252.0,6270810586.0,6814.067000000002,1.0,5.0
3589971252.0,6929449053.0,6004.384000000002,1.0,1.0
3589971252.0,6945912850.0,708.6579999999998,1.0,1.0
3589971252.0,6948462876.0,6334.672999999999,1.0,2.0
3589971252.0,6948976937.0,879.0590000000001,1.0,4.0
3589971252.0,6950023886.0,865.9499999999998,1.0,1.0
3589971252.0,6950806723.0,4767.626999999999,1.0,2.0
3589971252.0,6950853769.0,2149.0899999999997,1.0,1.0
3589971252.0,6950857512.0,966.813,1.0,2.0
3589971252.0,7069614076.0,3790.5960000000005,1.0,1.0
3589971252.0,8518750867.0,3855.876,1.0,1.0
3589971252.0,8629532349.0,4675.668999999999,1.0,1.0
3589971252.0,8720034349.0,8181.686000000001,1.0,1.0
3648081932.0,3648084762.0,190.257,2.0,1.0
3648081932.0,3710970920.0,986.3449999999999,2.0,3.0
3648081932.0,3877613725.0,6084.502,2.0,1.0
3648081932.0,4285277775.0,5672.206999999999,2.0,1.0
3648081932.0,6270810586.0,7129.075000000002,2.0,5.0
3648081932.0,6929449053.0,6334.8960000000025,2.0,1.0
3648081932.0,6945912850.0,439.903,2.0,1.0
3648081932.0,6948462876.0,6484.967999999999,2.0,2.0
3648081932.0,6948976937.0,1099.4360000000001,2.0,4.0
3648081932.0,6950023886.0,395.35,2.0,1.0
3648081932.0,6950806723.0,4917.921999999999,2.0,2.0
3648081932.0,6950853769.0,2451.457,2.0,1.0
3648081932.0,6950857512.0,1298.5770000000002,2.0,2.0
3648081932.0,7069614076.0,4278.015,2.0,1.0
3648081932.0,8518750867.0,4343.295000000001,2.0,1.0
3648081932.0,8629532349.0,5163.088,2.0,1.0
3648081932.0,8720034349.0,8373.598999999998,2.0,1.0
3648084762.0,3710970920.0,796.088,1.0,3.0
3648084762.0,3877613725.0,5894.245000000001,1.0,1.0
3648084762.0,4285277775.0,5481.949999999999,1.0,1.0
3648084762.0,6270810586.0,6938.818000000002,1.0,5.0
3648084762.0,6929449053.0,6144.639000000002,1.0,1.0
3648084762.0,6945912850.0,630.16,1.0,1.0
3648084762.0,6948462876.0,6294.710999999998,1.0,2.0
3648084762.0,6948976937.0,1147.447,1.0,4.0
3648084762.0,6950023886.0,566.197,1.0,1.0
3648084762.0,6950806723.0,4727.664999999999,1.0,2.0
3648084762.0,6950853769.0,2261.2,1.0,1.0
3648084762.0,6950857512.0,1108.3200000000002,1.0,2.0
3648084762.0,7069614076.0,4087.758,1.0,1.0
3648084762.0,8518750867.0,4153.0380000000005,1.0,1.0
3648084762.0,8629532349.0,4972.830999999999,1.0,1.0
3648084762.0,8720034349.0,8183.342,1.0,1.0
3710970920.0,3877613725.0,5098.157000000003,3.0,1.0
3710970920.0,4285277775.0,4685.862000000003,3.0,1.0
3710970920.0,6270810586.0,6334.942000000003,3.0,5.0
3710970920.0,6929449053.0,5679.883000000002,3.0,1.0
3710970920.0,6945912850.0,1410.262,3.0,1.0
3710970920.0,6948462876.0,5498.623000000002,3.0,2.0
3710970920.0,6948976937.0,1653.4290000000003,3.0,4.0
3710970920.0,6950023886.0,1323.919,3.0,1.0
3710970920.0,6950806723.0,3931.577000000001,3.0,2.0
3710970920.0,6950853769.0,1796.444,3.0,1.0
3710970920.0,6950857512.0,644.432,3.0,2.0
3710970920.0,7069614076.0,3723.349,3.0,1.0
3710970920.0,8518750867.0,3788.629,3.0,1.0
3710970920.0,8629532349.0,4608.422,3.0,1.0
3710970920.0,8720034349.0,7387.254,3.0,1.0
3877613725.0,4285277775.0,1125.6309999999999,1.0,1.0
3877613725.0,6270810586.0,1842.2649999999999,1.0,5.0
3877613725.0,6929449053.0,2887.4450000000006,1.0,1.0
3877613725.0,6945912850.0,6508.418999999999,1.0,1.0
3877613725.0,6948462876.0,864.448,1.0,2.0
3877613725.0,6948976937.0,6751.586,1.0,4.0
3877613725.0,6950023886.0,6422.075999999999,1.0,1.0
3877613725.0,6950806723.0,1166.5799999999997,1.0,2.0
3877613725.0,6950853769.0,4387.122,1.0,1.0
3877613725.0,6950857512.0,5569.398999999999,1.0,2.0
3877613725.0,7069614076.0,5308.489,1.0,1.0
3877613725.0,8518750867.0,5259.945,1.0,1.0
3877613725.0,8629532349.0,4423.416,1.0,1.0
3877613725.0,8720034349.0,2851.1290000000004,1.0,1.0
4285277775.0,6270810586.0,2898.824,1.0,5.0
4285277775.0,6929449053.0,3007.181,1.0,1.0
4285277775.0,6945912850.0,6096.124,1.0,1.0
4285277775.0,6948462876.0,829.994,1.0,2.0
4285277775.0,6948976937.0,6339.291000000001,1.0,4.0
4285277775.0,6950023886.0,6009.781,1.0,1.0
4285277775.0,6950806723.0,1071.2520000000002,1.0,2.0
4285277775.0,6950853769.0,3974.827,1.0,1.0
4285277775.0,6950857512.0,5157.103999999999,1.0,2.0
4285277775.0,7069614076.0,5428.2249999999985,1.0,1.0
4285277775.0,8518750867.0,5379.680999999999,1.0,1.0
4285277775.0,8629532349.0,4543.151999999999,1.0,1.0
4285277775.0,8720034349.0,3909.108,1.0,1.0
6270810586.0,6929449053.0,2037.007,5.0,1.0
6270810586.0,6945912850.0,7448.667999999998,5.0,1.0
6270810586.0,6948462876.0,2378.1510000000003,5.0,2.0
6270810586.0,6948976937.0,7503.458999999999,5.0,4.0
6270810586.0,6950023886.0,7505.014999999998,5.0,1.0
6270810586.0,6950806723.0,2876.741,5.0,2.0
6270810586.0,6950853769.0,4857.598999999999,5.0,1.0
6270810586.0,6950857512.0,5847.253999999999,5.0,2.0
6270810586.0,7069614076.0,4458.0509999999995,5.0,1.0
6270810586.0,8518750867.0,4409.507,5.0,1.0
6270810586.0,8629532349.0,3572.9779999999996,5.0,1.0
6270810586.0,8720034349.0,2108.0140000000006,5.0,1.0
6929449053.0,6945912850.0,6638.984999999999,1.0,1.0
6929449053.0,6948462876.0,3751.731999999999,1.0,2.0
6929449053.0,6948976937.0,6693.776,1.0,4.0
6929449053.0,6950023886.0,6710.835999999998,1.0,1.0
6929449053.0,6950806723.0,2798.0160000000005,1.0,2.0
6929449053.0,6950853769.0,4253.154,1.0,1.0
6929449053.0,6950857512.0,5037.571,1.0,2.0
6929449053.0,7069614076.0,2449.1359999999995,1.0,1.0
6929449053.0,8518750867.0,2400.5919999999996,1.0,1.0
6929449053.0,8629532349.0,1564.0629999999999,1.0,1.0
6929449053.0,8720034349.0,4138.453,1.0,1.0
6945912850.0,6948462876.0,6908.885,1.0,2.0
6945912850.0,6948976937.0,869.2370000000001,1.0,4.0
6945912850.0,6950023886.0,631.077,1.0,1.0
6945912850.0,6950806723.0,5341.838999999998,1.0,2.0
6945912850.0,6950853769.0,2783.691,1.0,1.0
6945912850.0,6950857512.0,1601.4139999999998,1.0,2.0
6945912850.0,7069614076.0,4496.147,1.0,1.0
6945912850.0,8518750867.0,4561.427000000001,1.0,1.0
6945912850.0,8629532349.0,5381.219999999999,1.0,1.0
6945912850.0,8720034349.0,8797.516,1.0,1.0
6948462876.0,6948976937.0,7152.052,2.0,4.0
6948462876.0,6950023886.0,6822.541999999999,2.0,1.0
6948462876.0,6950806723.0,1884.013,2.0,2.0
6948462876.0,6950853769.0,4787.588000000001,2.0,1.0
6948462876.0,6950857512.0,5969.865,2.0,2.0
6948462876.0,7069614076.0,6172.776000000001,2.0,1.0
6948462876.0,8518750867.0,6124.232000000001,2.0,1.0
6948462876.0,8629532349.0,5287.703000000001,2.0,1.0
6948462876.0,8720034349.0,3382.996,2.0,1.0
6948976937.0,6950023886.0,1468.9859999999999,4.0,1.0
6948976937.0,6950806723.0,5585.005999999998,4.0,2.0
6948976937.0,6950853769.0,2838.482,4.0,1.0
6948976937.0,6950857512.0,1656.205,4.0,2.0
6948976937.0,7069614076.0,4347.047,4.0,1.0
6948976937.0,8518750867.0,4375.089,4.0,1.0
6948976937.0,8629532349.0,5195.413999999999,4.0,1.0
6948976937.0,8720034349.0,8871.078000000001,4.0,1.0
6950023886.0,6950806723.0,5255.495999999997,1.0,2.0
6950023886.0,6950853769.0,2827.397,1.0,1.0
6950023886.0,6950857512.0,1674.5169999999998,1.0,2.0
6950023886.0,7069614076.0,4653.955,1.0,1.0
6950023886.0,8518750867.0,4719.235000000001,1.0,1.0
6950023886.0,8629532349.0,5539.027999999999,1.0,1.0
6950023886.0,8720034349.0,8711.173,1.0,1.0
6950806723.0,6950853769.0,3220.542,2.0,1.0
6950806723.0,6950857512.0,4402.8189999999995,2.0,2.0
6950806723.0,7069614076.0,4651.4929999999995,2.0,1.0
6950806723.0,8518750867.0,4602.949,2.0,1.0
6950806723.0,8629532349.0,3766.4200000000005,2.0,1.0
6950806723.0,8720034349.0,3887.0249999999996,2.0,1.0
6950853769.0,6950857512.0,1182.277,1.0,2.0
6950853769.0,7069614076.0,2557.2839999999997,1.0,1.0
6950853769.0,8518750867.0,2622.5639999999994,1.0,1.0
6950853769.0,8629532349.0,3388.198,1.0,1.0
6950853769.0,8720034349.0,6351.024,1.0,1.0
6950857512.0,7069614076.0,3095.58,2.0,1.0
6950857512.0,8518750867.0,3160.8599999999997,2.0,1.0
6950857512.0,8629532349.0,3980.653,2.0,1.0
6950857512.0,8720034349.0,7533.301,2.0,1.0
7069614076.0,8518750867.0,65.27999999999999,1.0,1.0
7069614076.0,8629532349.0,885.073,1.0,1.0
7069614076.0,8720034349.0,6559.497000000002,1.0,1.0
8518750867.0,8629532349.0,836.529,1.0,1.0
8518750867.0,8720034349.0,6510.953000000002,1.0,1.0
8629532349.0,8720034349.0,5674.424000000002,1.0,1.0
